Rank,Team,Value,Revenue,O_Income,Year
1,Yankees,225,98,24.5,1990
2,Mets,200,81.1,15.8,1990
3,Dodgers,200,64.4,7.6,1990
4,Orioles,200,47.9,9.6,1990
5,Red Sox,180,68.7,12.3,1990
6,Blue Jays,178,77.5,13.9,1990
7,Phillies,130,61.9,11.1,1990
8,Cardinals,126,55.8,20.5,1990
9,Cubs,125,50.3,9.2,1990
10,White Sox,125,49,8.8,1990
11,Royals,122,53.2,-9.8,1990
12,Athletics,116,57.9,12.4,1990
13,Giants,105,50,9,1990
14,Reds,102,48.7,11,1990
15,Angels,102,48.6,8.7,1990
16,Rangers,101,50.3,9.1,1990
17,Padres,99,47.2,8.5,1990
18,Astros,92,40,-2,1990
19,Tigers,84,38,5.1,1990
20,Pirates,82,41.1,-0.7,1990
21,Twins,81,38.6,0.6,1990
22,Brewers,81,38.4,3.9,1990
23,Indians,75,34.8,-6.8,1990
24,Braves,74,35.4,7.8,1990
25,Expos,74,35.3,6.4,1990
26,Mariners,71,34,-3.1,1990
1,Yankees,200,90,30.4,1991
2,Dodgers,180,79.3,7.3,1991
3,Mets,170,91.1,20.7,1991
4,Blue Jays,160,88.7,26.3,1991
5,Red Sox,160,81.5,10.7,1991
6,Orioles,140,50.6,11.1,1991
7,White Sox,140,78,18,1991
8,Cardinals,132,59.1,12.7,1991
9,Cubs,132,64.5,6.5,1991
10,Rangers,123,61.5,13.9,1991
11,Royals,117,53.6,-7.2,1991
12,Phillies,115,48.2,4.8,1991
13,Athletics,115,64,-1.7,1991
14,Angels,103,54.1,-7.6,1991
15,Giants,99,48.9,-4.4,1991
16,Reds,98,49,0.2,1991
17,Padres,96,48.4,-0.4,1991
18,Astros,95,46,14.5,1991
19,Pirates,87,45.8,-4,1991
20,Tigers,85,51.6,-2.8,1991
21,Braves,83,40.3,-0.5,1991
22,Twins,83,44.1,-4.1,1991
23,Mariners,79,44.7,2.9,1991
24,Brewers,77,38.8,-11.4,1991
25,Indians,77,42,-4.8,1991
26,Expos,75,39.4,-4.2,1991
1,Yankees,160,94.6,25,1992
2,Blue Jays,155,87.7,-1.3,1992
3,Mets,145,86.9,5.6,1992
4,Red Sox,136,90.6,11.7,1992
5,Dodgers,135,84.2,14.7,1992
6,Orioles,130,83.5,34.2,1992
7,Athletics,124,64.4,-12.8,1992
8,White Sox,123,77.9,16.7,1992
9,Royals,111,52,-5.1,1992
10,Rangers,106,66.2,14.8,1992
11,Angels,105,55.8,-0.3,1992
12,Padres,103,53.6,-0.3,1992
13,Giants,103,47,-11.1,1992
14,Reds,103,49.6,-11.8,1992
15,Cubs,101,64,5.1,1992
16,Cardinals,98,50.9,3.3,1992
17,Tigers,97,50.5,-3.2,1992
18,Phillies,96,50,-0.3,1992
19,Twins,95,52.8,0.2,1992
20,Pirates,95,50.1,-9.9,1992
21,Braves,88,50.7,-9,1992
22,Astros,87,43.3,11.4,1992
23,Expos,86,46.7,11.8,1992
24,Mariners,81,45.4,-2.4,1992
25,Brewers,86,45.3,-12.8,1992
26,Cleveland,81,39.9,13.6,1992
1,Yankees,166,107.6,18.2,1993
2,Blue Jays,150,88.4,1.3,1993
3,Mets,147,80.8,4.9,1993
4,Red Sox,141,77.5,7.4,1993
5,Dodgers,138,79.7,11.1,1993
6,White Sox,133,78.8,10.7,1993
7,Rangers,132,60.3,1.1,1993
8,Orioles,129,81.3,28.9,1993
9,Cubs,120,82.8,7.4,1993
10,Athletics,114,60.1,-0.4,1993
11,Rockies,110,52.2,12.7,1993
12,Cardinals,105,64.8,20,1993
13,Indians,100,48.8,13.3,1993
14,Phillies,96,61.1,0.5,1993
15,Braves,96,79,-1.4,1993
16,Brewers,96,46.3,-2.2,1993
17,Royals,94,51.7,-6.3,1993
18,Angels,93,53.8,2.6,1993
19,Giants,93,69.1,-0.7,1993
20,Tigers,89,55.6,-5.4,1993
21,Reds,86,52.9,-5,1993
22,Padres,85,47.7,17.5,1993
23,Astros,85,60.5,6.7,1993
24,Twins,83,48.9,1,1993
25,Marlins,81,44.9,12.5,1993
26,Mariners,80,50.7,-4,1993
27,Pirates,79,43,4.1,1993
28,Expos,75,46.2,12.4,1993
1,Yankees,185,71.5,8.7,1994
2,Orioles,164,53.1,5.5,1994
3,Rangers,157,50.1,5.2,1994
4,White Sox,152,45.5,-5.8,1994
5,Blue Jays,146,56.4,1.4,1994
6,Red Sox,143,49.9,0.2,1994
7,Dodgers,143,49.5,-4.1,1994
8,Cubs,135,53.8,3.7,1994
9,Mets,134,45,-2.2,1994
10,Braves,120,55.8,-5.3,1994
11,Rockies,117,43.5,4.6,1994
12,Cardinals,110,39.3,-4,1994
13,Indians,103,41,-4.5,1994
14,Giants,102,43.1,-10.3,1994
15,Athletics,101,36.7,-10.6,1994
16,Phillies,96,41.1,-3.7,1994
17,Royals,96,31.9,-17.4,1994
18,Marlins,92,40.9,9,1994
19,Astros,92,34.3,-8.4,1994
20,Angels,88,30,-8.7,1994
21,Reds,84,30.6,-16.8,1994
22,Tigers,83,33,-15.7,1994
23,Twins,80,26.2,-9.6,1994
24,Mariners,76,27.4,-12.1,1994
25,Expos,76,25.8,-3.8,1994
26,Brewers,75,26,-12,1994
27,Padres,74,25,-1.6,1994
28,Pirates,70,25.6,-6.1,1994
1,Yankees,209,93.9,24,1995
2,Orioles,168,75.1,6,1995
3,Braves,163,60.7,-2.9,1995
4,Blue Jays,152,62.5,-1.6,1995
5,Dodgers,147,70.9,12.8,1995
6,White Sox,144,55.7,-8,1995
7,Red Sox,143,67.9,15.4,1995
8,Cubs,140,62.9,4.8,1995
9,Rangers,138,61.9,7.6,1995
10,Rockies,133,70.3,11.5,1995
11,Mets,131,61.5,20.8,1995
12,Indians,125,60.2,1.4,1995
13,Giants,122,46.4,-1.9,1995
14,Cardinals,112,48.8,0.9,1995
15,Tigers,106,39.1,-5.3,1995
16,Phillies,103,45.3,3.4,1995
17,Reds,99,40.4,-11.8,1995
18,Marlins,98,47.8,6.8,1995
19,Astros,97,44.4,-4.5,1995
20,Athletics,97,41.2,-4.9,1995
21,Mariners,92,36.7,-9.8,1995
22,Angels,90,39,-3,1995
23,Royals,80,35.8,-6.9,1995
24,Twins,74,30.2,2.5,1995
25,Brewers,71,29.5,1,1995
26,Expos,68,29.3,7.1,1995
27,Padres,67,28.2,-5.1,1995
28,Pirates,62,24.9,-1.7,1995
1,Yankees,241,133.3,38.3,1996
2,Orioles,207,105.3,19,1996
3,Braves,199,79.1,-0.4,1996
4,Rockies,184,95.6,23,1996
5,Dodgers,178,88.6,13.5,1996
6,Indians,175,95.4,15.6,1996
7,Rangers,174,87.7,18.9,1996
8,Red Sox,172,88.4,16.3,1996
9,Cubs,165,76.6,18.3,1996
10,Blue Jays,155,70.2,14.5,1996
11,White Sox,149,70.3,-5.2,1996
12,Mets,144,68.3,11,1996
13,Cardinals,134,69.8,3.2,1996
14,Giants,128,51.8,-6,1996
15,Marlins,123,55.8,2.8,1996
16,Athletics,115,49.4,11.3,1996
17,Astros,114,62.4,11.5,1996
18,Phillies,112,50,-6.5,1996
19,Tigers,110,44.4,3.8,1996
20,Mariners,107,57.6,-1.7,1996
21,Reds,95,45.3,-14,1996
22,Angels,93,42.5,-2.4,1996
23,Brewers,92,41.6,6.6,1996
24,Royals,88,43.1,4.7,1996
25,Padres,86,52.8,2.5,1996
26,Expos,77,40.9,6.2,1996
27,Twins,77,41.1,-1.3,1996
28,Pirates,71,39.9,1.4,1996
1,Yankees,362,144.7,21.4,1997
2,Orioles,323,134.5,18.7,1997
3,Indians,322,134,15.4,1997
4,Rockies,303,116.6,38.3,1997
5,Braves,299,119.6,18.2,1997
6,Rangers,254,97.6,9.1,1997
7,Mariners,251,89.8,11.4,1997
8,Dodgers,236,94.3,0.9,1997
9,Red Sox,230,92.1,7.7,1997
10,White Sox,214,82.3,-4.2,1997
11,Cubs,204,81.5,8.1,1997
12,Mets,193,80.5,8.1,1997
13,Astros,190,68,2.3,1997
14,Giants,188,69.8,0.2,1997
15,Cardinals,174,82.9,2.4,1997
16,Padres,161,57.6,-6.7,1997
17,Marlins,159,88.2,-5.5,1997
18,Angels,157,62.6,-9.6,1997
19,Blue Jays,141,67.1,-20.5,1997
20,Tigers,137,50.6,-0.4,1997
21,Reds,136,50.2,-19.9,1997
22,Pirates,133,49.3,7.5,1997
23,Phillies,131,57.1,2.5,1997
24,Brewers,127,46.9,-4.8,1997
25,Athletics,118,56.4,7.5,1997
26,Royals,108,51.2,-11.8,1997
27,Twins,94,46.8,-16.5,1997
28,Expos,87,43.6,-3.7,1997
1,Yankees,491,175.5,23,1998
2,Indians,359,149.7,19,1998
3,Braves,357,142.7,16.4,1998
4,Orioles,351,140.5,8.5,1998
5,Rockies,311,124.6,19.5,1998
6,Diamondbacks,291,116.3,22.5,1998
7,Rangers,281,108.1,0.5,1998
8,Dodgers,270,107.9,-11.7,1998
9,Red Sox,256,106.9,-7.6,1998
10,Mets,249,99.7,-5.2,1998
11,Astros,239,82.5,-3.7,1998
12,Mariners,236,81.3,-8.6,1998
13,Devil Rays,225,93.7,20.6,1998
14,Cubs,224,93.1,-7.9,1998
15,Giants,213,73.3,-6.4,1998
16,Cardinals,205,97.8,1.6,1998
17,Padres,205,78.9,-8,1998
18,Angels,195,88.5,-0.2,1998
19,White Sox,178,74.1,0.2,1998
20,Reds,163,54.4,0.6,1998
21,Blue Jays,162,73.4,-9.5,1998
22,Brewers,155,55.5,-8.8,1998
23,Marlins,153,69.5,8.6,1998
24,Tigers,152,54.2,-4.5,1998
25,Phillies,145,66,4.5,1998
26,Pirates,145,51.7,2.6,1998
27,Athletics,125,56.7,3.3,1998
28,Royals,98,53.5,-10.9,1998
29,Twins,89,46.8,-7.1,1998
30,Expos,84,46.5,5.6,1998
1,Yankees,548,195.6,17.5,1999
2,Braves,388,155.2,18.3,1999
3,Indians,364,151.7,16.5,1999
4,Orioles,347,138.8,-0.7,1999
5,Dodgers,325,120.3,-21.1,1999
6,Mets,314,125.6,-1.2,1999
7,Rockies,305,122.2,7.9,1999
8,Rangers,294,117.5,-9.5,1999
9,Mariners,290,111.6,5.5,1999
10,Red Sox,284,123.3,2.4,1999
11,Astros,280,93.3,-5.5,1999
12,Diamondbacks,268,111.5,12.9,1999
13,Cubs,242,105.4,-1.6,1999
14,Giants,237,71.9,-9,1999
15,Cardinals,219,104.5,5.4,1999
16,Tigers,200,71.5,1.1,1999
17,Padres,197,78.9,-8.8,1999
18,Angels,195,90.7,-2.5,1999
19,Reds,175,49.4,-5.1,1999
20,Brewers,167,60.8,-14.4,1999
21,White Sox,166,73.8,11.7,1999
22,Devil Rays,163,77.5,-6.5,1999
23,Blue Jays,162,73.7,-2.8,1999
24,Pirates,161,57.6,0.2,1999
25,Phillies,150,68.1,3,1999
26,Athletics,134,60.9,3.9,1999
27,Marlins,125,59.3,2.4,1999
28,Royals,122,62.5,5.8,1999
29,Twins,91,47.7,2.2,1999
30,Expos,89,47.1,1.9,1999
1,Yankees,645,192.4,21.9,2000
2,Mets,454,162,21.3,2000
3,Braves,407,145.5,7.7,2000
4,Dodgers,381,131.3,-17.4,2000
5,Indians,372,142.9,4.2,2000
6,Rangers,342,126.5,7.4,2000
7,Red Sox,339,125.7,-7.3,2000
8,Orioles,335,124,2.1,2000
9,Rockies,334,119.1,6.4,2000
10,Giants,333,138.8,27.4,2000
11,Mariners,332,138.3,17.8,2000
12,Astros,318,122.2,22.3,2000
13,Tigers,290,120.8,12.1,2000
14,Cubs,247,112.4,9.1,2000
15,Diamondbacks,245,109.1,-7.9,2000
16,Cardinals,243,110.5,-3,2000
17,White Sox,213,92.6,17.8,2000
18,Pirates,211,70.4,2.3,2000
19,Brewers,209,69.6,-1.6,2000
20,Angels,198,94.4,-8.9,2000
21,Reds,187,77.8,6.9,2000
22,Padres,176,84,-8,2000
23,Blue Jays,161,80.3,-5.9,2000
24,Phillies,158,79.2,-1.1,2000
25,Devil Rays,150,81.3,-11.3,2000
26,Athletics,149,74.7,5.2,2000
27,Royals,138,72.6,4.3,2000
28,Marlins,128,67.3,6.5,2000
29,Twins,99,58,5.8,2000
30,Expos,92,53.9,-8.1,2000
1,Yankees,730,215,18.7,2001
2,Mets,482,169,14.3,2001
3,Dodgers,435,143,-29.6,2001
4,Red Sox,426,152,-11.4,2001
5,Braves,424,160,9.5,2001
6,Mariners,373,166,14.1,2001
7,Indians,360,150,-3.6,2001
8,Rangers,356,134,-6.5,2001
9,Giants,355,142,16.8,2001
10,Rockies,347,129,6.7,2001
11,Astros,337,125,4.1,2001
12,Orioles,319,133,3.2,2001
13,Cubs,287,131,7.9,2001
14,Diamondbacks,280,127,-3.9,2001
15,Cardinals,271,123,-5.1,2001
16,Tigers,262,114,12.3,2001
17,Pirates,242,108,9.5,2001
18,Brewers,238,108,18.8,2001
19,Phillies,231,94,2.6,2001
20,White Sox,223,101,-3.8,2001
21,Padres,207,92,5.7,2001
22,Reds,204,87,4.3,2001
23,Angels,195,103,5.7,2001
24,Blue Jays,182,91,-20.6,2001
25,Athletics,157,90,6.8,2001
26,Royals,152,85,2.2,2001
27,Devil Rays,142,92,-6.1,2001
28,Marlins,137,81,1.4,2001
29,Twins,127,75,3.6,2001
30,Expos,108,63,-3.4,2001
1,Yankees,849,223,16.1,2002
2,Mets,498,175,11.6,2002
3,Red Sox,488,171,-2.1,2002
4,Dodgers,449,150,-25,2002
5,Braves,423,163,9.5,2002
6,Mariners,385,167,23.3,2002
7,Giants,382,159,13.9,2002
8,Cubs,335,143,11.9,2002
9,Rangers,332,131,-24.5,2002
10,Indians,331,141,-1,2002
11,Astros,327,121,-0.8,2002
12,Orioles,310,129,12.4,2002
13,Cardinals,308,128,-2,2002
14,Rockies,304,121,7.1,2002
15,Diamondbacks,269,122,-22.2,2002
16,Phillies,239,97,-11.9,2002
17,Tigers,237,108,-5.3,2002
18,White Sox,233,106,1.2,2002
19,Padres,226,98,4.6,2002
20,Angels,225,118,-3.7,2002
21,Pirates,224,101,-1.6,2002
22,Reds,223,91,4.9,2002
23,Brewers,206,98,-6.1,2002
24,Athletics,172,96,6.6,2002
25,Blue Jays,166,90,-23.9,2002
26,Royals,153,85,-11.2,2002
27,Twins,148,87,0.4,2002
28,Devil Rays,145,91,1.4,2002
29,Marlins,136,76,-14,2002
30,Expos,113,66,-9.1,2002
1,Yankees,832,238,-26.3,2003
2,Red Sox,533,190,-11.4,2003
3,Mets,442,158,-19.3,2003
4,Dodgers,399,154,-19.1,2003
5,Mariners,396,169,17,2003
6,Braves,374,156,-0.3,2003
7,Giants,368,153,0.7,2003
8,Cubs,358,156,8.3,2003
9,Astros,320,128,-1.9,2003
10,Cardinals,314,131,-11.1,2003
11,Rangers,306,127,-28.5,2003
12,Orioles,296,129,9.1,2003
13,Indians,292,127,10.4,2003
14,Rockies,285,124,-6.3,2003
15,Phillies,281,115,-12.5,2003
16,Diamondbacks,276,126,-15.2,2003
17,Padres,265,106,4.9,2003
18,White Sox,248,124,12.8,2003
19,Reds,245,123,11.7,2003
20,Angels,241,127,-5.5,2003
21,Tigers,235,117,0.3,2003
22,Pirates,217,109,-0.3,2003
23,Athletics,186,110,11.2,2003
24,Brewers,174,102,5.1,2003
25,Marlins,172,101,-11.6,2003
26,Royals,171,98,6.6,2003
27,Blue Jays,169,99,0,2003
28,Twins,168,99,-7.1,2003
29,Devil Rays,152,101,7.5,2003
30,Expos,145,81,-8.3,2003
1,Yankees,950,264,-37.1,2004
2,Red Sox,563,201,-11.3,2004
3,Mets,505,180,-11.2,2004
4,Dodgers,424,166,-7.4,2004
5,Mariners,415,173,10.8,2004
6,Cubs,398,170,11.4,2004
7,Phillies,392,167,6.1,2004
8,Braves,382,162,15.4,2004
9,Giants,381,159,6.9,2004
10,Cardinals,370,151,-3.9,2004
11,Astros,357,155,9.6,2004
12,Orioles,341,148,34,2004
13,Padres,329,150,17.1,2004
14,Rangers,326,142,2.9,2004
15,Indians,319,139,27.2,2004
16,Nationals,310,80,-3,2004
17,Angels,294,147,-30,2004
18,Rockies,290,132,-7.8,2004
19,Diamondbacks,286,136,-18.7,2004
20,White Sox,262,131,8.1,2004
21,Reds,255,127,22.6,2004
22,Tigers,239,126,7.9,2004
23,Pirates,218,109,12.2,2004
24,Blue Jays,214,107,7.8,2004
25,Brewers,208,112,24.2,2004
26,Marlins,206,103,3,2004
27,Royals,187,104,3,2004
28,Athletics,185,116,5.9,2004
29,Twins,178,102,-0.5,2004
30,Devil Rays,176,110,27.2,2004
1,Yankees,1026,277,-50,2005
2,Red Sox,617,206,-18.5,2005
3,Mets,604,195,-16.1,2005
4,Dodgers,482,189,13.4,2005
5,Cubs,448,179,7.9,2005
6,Nationals,440,145,27.9,2005
7,Cardinals,429,165,7.9,2005
8,Mariners,428,179,7.3,2005
9,Phillies,424,176,14.8,2005
10,Astros,416,173,30.2,2005
11,Giants,410,171,11.2,2005
12,Braves,405,172,27.6,2005
13,Angels,368,167,-2.6,2005
14,Orioles,359,156,21,2005
15,Padres,354,158,13,2005
16,Rangers,353,153,24.7,2005
17,Indians,352,150,34.6,2005
18,White Sox,315,157,21.7,2005
19,Diamondbacks,305,145,21.8,2005
20,Rockies,298,145,16.3,2005
21,Tigers,292,146,3.5,2005
22,Blue Jays,286,136,29.7,2005
23,Reds,274,137,17.9,2005
24,Pirates,250,125,21.9,2005
25,Royals,239,117,20.8,2005
26,Brewers,235,131,22.4,2005
27,Athletics,234,134,16,2005
28,Marlins,226,119,-11.9,2005
29,Twins,216,114,7,2005
30,Devil Rays,209,116,20.3,2005
1,New York Yankees,1026,277,-50,2006
2,Boston Red Sox,617,206,-18.5,2006
3,New York Mets,604,195,-16.1,2006
4,Los Angeles Dodgers,482,189,13.4,2006
5,Chicago Cubs,448,179,7.9,2006
6,Washington Nationals,440,145,27.9,2006
7,St. Louis Cardinals,429,165,7.9,2006
8,Seattle Mariners,428,179,7.3,2006
9,Philadelphia Phillies,424,176,14.8,2006
10,Houston Astros,416,173,30.2,2006
11,San Francisco Giants,410,171,11.2,2006
12,Atlanta Braves,405,172,27.6,2006
13,Los Angeles Angels of Anaheim,368,167,-2.6,2006
14,Baltimore Orioles,359,156,21,2006
15,San Diego Padres,354,158,13,2006
16,Texas Rangers,353,153,24.7,2006
17,Cleveland Indians,352,150,34.6,2006
18,Chicago White Sox,315,157,21.7,2006
19,Arizona Diamondbacks,305,145,21.8,2006
20,Colorado Rockies,298,145,16.3,2006
21,Detroit Tigers,292,146,3.5,2006
22,Toronto Blue Jays,286,136,29.7,2006
23,Cincinnati Reds,274,137,17.9,2006
24,Pittsburgh Pirates,250,125,21.9,2006
25,Kansas City Royals,239,117,20.8,2006
26,Milwaukee Brewers,235,131,22.4,2006
27,Oakland Athletics,234,134,16,2006
28,Florida Marlins,226,119,-11.9,2006
29,Minnesota Twins,216,114,7,2006
30,Tampa Bay Devil Rays,209,116,20.3,2006
1,New York Yankees,1200,302,-25.2,2007
2,New York Mets,736,217,24.4,2007
3,Boston Red Sox,724,234,19.5,2007
4,Los Angeles Dodgers,632,211,27.5,2007
5,Chicago Cubs,592,197,22.2,2007
6,St. Louis Cardinals,460,184,14,2007
7,San Francisco Giants,459,184,18.5,2007
8,Atlanta Braves,458,183,14.8,2007
9,Philadelphia Phillies,457,183,11.3,2007
10,Washington Nationals,447,144,19.5,2007
11,Houston Astros,442,184,18.4,2007
12,Seattle Mariners,436,182,21.5,2007
13,Los Angeles Angels of Anaheim,431,187,11.5,2007
14,Baltimore Orioles,395,158,17.1,2007
15,Chicago White Sox,381,173,19.5,2007
16,San Diego Padres,367,160,5.2,2007
17,Texas Rangers,365,155,11.2,2007
18,Cleveland Indians,364,158,24.9,2007
19,Detroit Tigers,357,170,8.7,2007
20,Toronto Blue Jays,344,157,11,2007
21,Arizona Diamondbacks,339,154,6.4,2007
22,Colorado Rockies,317,151,23.9,2007
23,Cincinnati Reds,307,146,22.4,2007
24,Oakland Athletics,292,146,14.5,2007
25,Minnesota Twins,288,131,14.8,2007
26,Milwaukee Brewers,287,144,20.8,2007
27,Kansas City Royals,282,123,8.4,2007
28,Pittsburgh Pirates,274,137,25.3,2007
29,Tampa Bay Devil Rays,267,134,20.2,2007
30,Florida Marlins,244,122,43.3,2007
1,New York Yankees,1306,327,-47.3,2008
2,New York Mets,824,235,32.9,2008
3,Boston Red Sox,816,263,-19.1,2008
4,Los Angeles Dodgers,694,224,20,2008
5,Chicago Cubs,642,214,21.4,2008
6,Los Angeles Angels of Anaheim,500,200,15.2,2008
7,Atlanta Braves,497,199,28.1,2008
8,San Francisco Giants,494,197,19.9,2008
9,St. Louis Cardinals,484,194,21.5,2008
10,Philadelphia Phillies,481,192,14.3,2008
11,Seattle Mariners,466,194,10.1,2008
12,Houston Astros,463,193,20.4,2008
13,Washington Nationals,460,153,43.7,2008
14,Chicago White Sox,443,193,30.6,2008
15,Cleveland Indians,417,181,29.2,2008
16,Texas Rangers,412,172,17.2,2008
17,Detroit Tigers,407,173,4.6,2008
18,Baltimore Orioles,398,166,7.7,2008
19,San Diego Padres,385,167,23.6,2008
20,Arizona Diamondbacks,379,165,5.9,2008
21,Colorado Rockies,371,169,26.2,2008
22,Toronto Blue Jays,352,160,-1.8,2008
23,Cincinnati Reds,337,161,19.3,2008
24,Milwaukee Brewers,331,158,19.2,2008
25,Minnesota Twins,328,149,23.8,2008
26,Oakland Athletics,323,154,15.4,2008
27,Kansas City Royals,301,131,7.4,2008
28,Pittsburgh Pirates,292,139,17.6,2008
29,Tampa Bay Rays,290,138,29.7,2008
30,Florida Marlins,256,128,35.6,2008
1,New York Yankees,1500,375,-3.7,2009
2,New York Mets,912,261,23.5,2009
3,Boston Red Sox,833,269,25.7,2009
4,Los Angeles Dodgers,722,241,16.5,2009
5,Chicago Cubs,700,239,29.7,2009
6,Los Angeles Angels of Anaheim,509,212,10.3,2009
7,Philadelphia Phillies,496,216,16.3,2009
8,St. Louis Cardinals,486,195,6.6,2009
9,San Francisco Giants,471,196,22.4,2009
10,Chicago White Sox,450,196,13.8,2009
11,Atlanta Braves,446,186,4.7,2009
12,Houston Astros,445,194,17,2009
13,Seattle Mariners,426,189,3.8,2009
14,Washington Nationals,406,184,42.6,2009
15,Texas Rangers,405,176,17.4,2009
16,San Diego Padres,401,174,22.9,2009
17,Baltimore Orioles,400,174,27.2,2009
18,Cleveland Indians,399,181,19.5,2009
19,Arizona Diamondbacks,390,177,3.9,2009
20,Colorado Rockies,373,178,24.5,2009
21,Detroit Tigers,371,186,-26.3,2009
22,Minnesota Twins,356,158,26.8,2009
23,Toronto Blue Jays,353,172,3,2009
24,Milwaukee Brewers,347,173,11.8,2009
25,Cincinnati Reds,342,171,17,2009
26,Tampa Bay Rays,320,160,29.4,2009
27,Oakland Athletics,319,160,26.2,2009
28,Kansas City Royals,314,143,9,2009
29,Pittsburgh Pirates,288,144,15.9,2009
30,Florida Marlins,277,139,43.7,2009
1,New York Yankees,1600,441,24.9,2010
2,Boston Red Sox,870,266,40,2010
3,New York Mets,858,268,26.2,2010
4,Los Angeles Dodgers,727,247,33.1,2010
5,Chicago Cubs,726,246,25.5,2010
6,Philadelphia Phillies,537,233,14.5,2010
7,Los Angeles Angels of Anaheim,521,217,12,2010
8,St. Louis Cardinals,488,195,12.8,2010
9,San Francisco Giants,483,201,23.5,2010
10,Chicago White Sox,466,194,26.4,2010
11,Houston Astros,453,189,7.1,2010
12,Texas Rangers,451,180,4.7,2010
13,Atlanta Braves,450,188,1.5,2010
14,Seattle Mariners,439,191,10.5,2010
15,San Diego Padres,408,157,32.1,2010
16,Minnesota Twins,405,162,25,2010
17,Cleveland Indians,391,170,10.1,2010
18,Washington Nationals,387,184,33.5,2010
19,Colorado Rockies,384,183,20.1,2010
20,Arizona Diamondbacks,379,172,-0.6,2010
21,Baltimore Orioles,376,171,19.4,2010
22,Detroit Tigers,375,188,-29.5,2010
23,Milwaukee Brewers,351,171,10.2,2010
24,Kansas City Royals,341,155,8.9,2010
25,Cincinnati Reds,331,166,17.8,2010
26,Toronto Blue Jays,326,163,13.1,2010
27,Florida Marlins,317,144,46.1,2010
28,Tampa Bay Rays,316,156,15.7,2010
29,Oakland Athletics,295,155,22.1,2010
30,Pittsburgh Pirates,289,145,15.6,2010
1,New York Yankees,1700,427,25.7,2011
2,Boston Red Sox,912,272,-1.1,2011
3,Los Angeles Dodgers,800,246,32.8,2011
4,Chicago Cubs,773,258,23.4,2011
5,New York Mets,747,233,-6.2,2011
6,Philadelphia Phillies,609,239,8.9,2011
7,San Francisco Giants,563,230,29.9,2011
8,Texas Rangers,561,206,22.6,2011
9,Los Angeles Angels of Anaheim,554,222,11.8,2011
10,Chicago White Sox,526,210,27.6,2011
11,St. Louis Cardinals,518,207,19.8,2011
12,Minnesota Twins,490,213,26.5,2011
13,Atlanta Braves,482,201,22.2,2011
14,Houston Astros,474,197,14.4,2011
15,Seattle Mariners,449,204,9.9,2011
16,Washington Nationals,417,194,36.6,2011
17,Colorado Rockies,414,188,16.3,2011
18,Baltimore Orioles,411,175,25.5,2011
19,San Diego Padres,406,159,37.2,2011
20,Arizona Diamondbacks,396,180,6.2,2011
21,Detroit Tigers,385,192,-29.1,2011
22,Milwaukee Brewers,376,179,12.4,2011
23,Cincinnati Reds,375,179,20.1,2011
24,Florida Marlins,360,143,20.2,2011
25,Cleveland Indians,353,168,12.1,2011
26,Kansas City Royals,351,160,10.3,2011
27,Toronto Blue Jays,337,168,3.6,2011
28,Tampa Bay Rays,331,166,6.8,2011
29,Oakland Athletics,307,161,23.2,2011
30,Pittsburgh Pirates,304,160,24.6,2011
1,Yankees,1850,439,10,2012
2,Dodgers,1400,230,1.2,2012
3,Red Sox,1000,310,25.4,2012
4,Cubs,879,266,28.1,2012
5,Phillies,723,249,-11.6,2012
6,Mets,719,225,-40.8,2012
7,Rangers,674,233,15.3,2012
8,Angels,656,226,-1.2,2012
9,Giants,643,230,8.8,2012
10,White Sox,600,214,10.7,2012
11,Cardinals,591,,25,2012
12,Mariners,585,,2.2,2012
13,Astros,549,,24.3,2012
14,Twins,510,,16.6,2012
15,Braves,508,,20.7,2012
16,Nationals,480,,25.9,2012
17,Tigers,478,,8.2,2012
18,Rockies,464,,14.4,2012
19,Orioles,460,,12.9,2012
20,Padres,458,,23.2,2012
21,Marlins,450,,12.9,2012
22,Brewers,448,,19.2,2012
23,Diamondbacks,447,,27.2,2012
24,Reds,424,,17.1,2012
25,Blue Jays,413,,24.9,2012
26,Indians,410,,30.1,2012
27,Royals,354,,28.5,2012
28,Pirates,336,,15.9,2012
29,Rays,323,,26.2,2012
30,Athletics,321,,14.6,2012
1,Yankees,2300,471,1.4,2013
2,Dodgers,1615,245,3.2,2013
3,Red Sox,1312,336,23.9,2013
4,Cubs,1000,274,32.1,2013
5,Phillies,893,279,0.6,2013
6,Mets,811,232,-2.4,2013
7,Giants,786,262,17.6,2013
8,Rangers,764,239,-8.7,2013
9,Angels,718,239,-12.9,2013
10,Cardinals,716,239,19.9,2013
11,White Sox,692,216,22.9,2013
12,Mariners,644,215,12.9,2013
13,Tigers,643,238,-0.4,2013
14,Nationals,631,225,28.4,2013
15,Braves,629,225,12.4,2013
16,Astros,626,196,24.7,2013
17,Orioles,618,206,30.1,2013
18,Padres,600,189,29.9,2013
19,Diamondbacks,584,195,7.6,2013
20,Twins,578,214,10.8,2013
21,Blue Jays,568,203,-4.8,2013
22,Brewers,562,201,9,2013
23,Indians,559,186,22.9,2013
24,Reds,546,202,20.9,2013
25,Rockies,537,199,18.7,2013
26,Marlins,520,195,-7.1,2013
27,Pirates,479,178,26.8,2013
28,Athletics,468,173,27.5,2013
29,Royals,457,169,16.3,2013
30,Rays,451,167,10,2013
1,Yankees,2500,461,-9.1,2014
2,Dodgers,2000,293,-80.9,2014
3,Red Sox,1500,357,25.3,2014
4,Cubs,1200,266,27.3,2014
5,Giants,1000,316,53.3,2014
6,Phillies,975,265,-20.9,2014
7,Rangers,825,257,-4.9,2014
8,Cardinals,820,283,65.2,2014
9,Mets,800,238,1.6,2014
10,Angels,775,253,5.8,2014
11,Braves,730,253,38.4,2014
12,Mariners,710,210,5.3,2014
13,Nationals,700,244,22.4,2014
14,White Sox,695,210,-2.7,2014
15,Tigers,680,262,7.5,2014
16,Orioles,620,198,1.6,2014
17,Padres,615,207,33,2014
18,Blue Jays,610,218,-14.9,2014
19,Twins,605,221,30.2,2014
20,Reds,600,209,-11.6,2014
21,Diamondbacks,585,192,-5.8,2014
22,Rockies,575,197,13.7,2014
23,Pirates,572,204,21.8,2014
24,Indians,570,196,-1.9,2014
25,Brewers,565,197,6.8,2014
26,Astros,530,186,55.9,2014
27,Marlins,500,159,-8,2014
28,Athletics,495,187,27.4,2014
29,Royals,490,178,-6.5,2014
30,Rays,485,181,15.3,2014
1,Yankees,3200,508,8.1,2015
2,Dodgers,2400,403,-12.2,2015
3,Red Sox,2100,370,49.2,2015
4,Giants,2000,387,68.4,2015
5,Cubs,1800,302,73.3,2015
6,Cardinals,1400,294,73.6,2015
7,Mets,1350,263,25,2015
8,Angels,1300,304,16.7,2015
9,Nationals,1280,287,41.4,2015
10,Phillies,1250,265,-39,2015
11,Rangers,1220,266,3.5,2015
12,Braves,1150,267,33.2,2015
13,Tigers,1125,254,-20.7,2015
14,Mariners,1100,250,26.4,2015
15,Orioles,1000,245,31.4,2015
16,White Sox,975,227,31.9,2015
17,Pirates,900,229,43.6,2015
18,Twins,895,223,21.3,2015
19,Padres,890,224,35,2015
20,Reds,885,227,2.2,2015
21,Brewers,875,226,11.3,2015
22,Blue Jays,870,227,-17.9,2015
23,Rockies,855,214,12.6,2015
24,Diamondbacks,840,211,-2.2,2015
25,Indians,825,207,8.9,2015
26,Astros,800,175,21.6,2015
27,Athletics,725,202,20.8,2015
28,Royals,700,231,26.6,2015
29,Marlins,650,188,15.4,2015
30,Rays,625,188,7.9,2015
1,Yankees,3400,516,13,2016
2,Dodgers,2500,438,-73.2,2016
3,Red Sox,2300,398,43.2,2016
4,Giants,2250,409,72.6,2016
5,Cubs,2200,340,50.8,2016
6,Mets,1650,313,46.8,2016
7,Cardinals,1600,300,59.8,2016
8,Angels,1340,312,41.7,2016
9,Nationals,1300,293,22.5,2016
10,Phillies,1240,263,-8.9,2016
11,Rangers,1230,275,-4.7,2016
12,Mariners,1200,271,17,2016
13,Braves,1180,266,28,2016
14,Tigers,1150,268,11,2016
15,Astros,1100,270,67,2016
16,White Sox,1050,240,20,2016
17,Orioles,1000,239,9,2016
18,Pirates,975,244,35,2016
19,Diamondbacks,925,223,17,2016
20,Twins,910,240,19,2016
21,Reds,905,237,9,2016
22,Blue Jays,900,241,1.2,2016
23,Padres,890,244,33,2016
24,Brewer,875,234,27,2016
25,Royals,865,273,39,2016
26,Rockies,860,227,5.5,2016
27,Indians,800,220,18,2016
28,Athletics,725,208,33,2016
29,Marlins,675,199,16,2016
30,Rays,650,193,8,2016