yearID,lgID,teamID,franchID,name,teamIDBR,teamIDlahman45,teamIDretro
1990,NL,ATL,ATL,Atlanta Braves,ATL,ATL,ATL
1990,AL,BAL,BAL,Baltimore Orioles,BAL,BAL,BAL
1990,AL,BOS,BOS,Boston Red Sox,BOS,BOS,BOS
1990,AL,CAL,ANA,California Angels,CAL,CAL,CAL
1990,AL,CHA,CHW,Chicago White Sox,CHW,CHA,CHA
1990,NL,CHN,CHC,Chicago Cubs,CHC,CHN,CHN
1990,NL,CIN,CIN,Cincinnati Reds,CIN,CIN,CIN
1990,AL,CLE,CLE,Cleveland Indians,CLE,CLE,CLE
1990,AL,DET,DET,Detroit Tigers,DET,DET,DET
1990,NL,HOU,HOU,Houston Astros,HOU,HOU,HOU
1990,AL,KCA,KCR,Kansas City Royals,KCR,KCA,KCA
1990,NL,LAN,LAD,Los Angeles Dodgers,LAD,LAN,LAN
1990,AL,MIN,MIN,Minnesota Twins,MIN,MIN,MIN
1990,AL,ML4,MIL,Milwaukee Brewers,MIL,MIL,MIL
1990,NL,MON,WSN,Montreal Expos,MON,MON,MON
1990,AL,NYA,NYY,New York Yankees,NYY,NYA,NYA
1990,NL,NYN,NYM,New York Mets,NYM,NYN,NYN
1990,AL,OAK,OAK,Oakland Athletics,OAK,OAK,OAK
1990,NL,PHI,PHI,Philadelphia Phillies,PHI,PHI,PHI
1990,NL,PIT,PIT,Pittsburgh Pirates,PIT,PIT,PIT
1990,NL,SDN,SDP,San Diego Padres,SDP,SDN,SDN
1990,AL,SEA,SEA,Seattle Mariners,SEA,SEA,SEA
1990,NL,SFN,SFG,San Francisco Giants,SFG,SFN,SFN
1990,NL,SLN,STL,St. Louis Cardinals,STL,SLN,SLN
1990,AL,TEX,TEX,Texas Rangers,TEX,TEX,TEX
1990,AL,TOR,TOR,Toronto Blue Jays,TOR,TOR,TOR
1991,NL,ATL,ATL,Atlanta Braves,ATL,ATL,ATL
1991,AL,BAL,BAL,Baltimore Orioles,BAL,BAL,BAL
1991,AL,BOS,BOS,Boston Red Sox,BOS,BOS,BOS
1991,AL,CAL,ANA,California Angels,CAL,CAL,CAL
1991,AL,CHA,CHW,Chicago White Sox,CHW,CHA,CHA
1991,NL,CHN,CHC,Chicago Cubs,CHC,CHN,CHN
1991,NL,CIN,CIN,Cincinnati Reds,CIN,CIN,CIN
1991,AL,CLE,CLE,Cleveland Indians,CLE,CLE,CLE
1991,AL,DET,DET,Detroit Tigers,DET,DET,DET
1991,NL,HOU,HOU,Houston Astros,HOU,HOU,HOU
1991,AL,KCA,KCR,Kansas City Royals,KCR,KCA,KCA
1991,NL,LAN,LAD,Los Angeles Dodgers,LAD,LAN,LAN
1991,AL,MIN,MIN,Minnesota Twins,MIN,MIN,MIN
1991,AL,ML4,MIL,Milwaukee Brewers,MIL,MIL,MIL
1991,NL,MON,WSN,Montreal Expos,MON,MON,MON
1991,AL,NYA,NYY,New York Yankees,NYY,NYA,NYA
1991,NL,NYN,NYM,New York Mets,NYM,NYN,NYN
1991,AL,OAK,OAK,Oakland Athletics,OAK,OAK,OAK
1991,NL,PHI,PHI,Philadelphia Phillies,PHI,PHI,PHI
1991,NL,PIT,PIT,Pittsburgh Pirates,PIT,PIT,PIT
1991,NL,SDN,SDP,San Diego Padres,SDP,SDN,SDN
1991,AL,SEA,SEA,Seattle Mariners,SEA,SEA,SEA
1991,NL,SFN,SFG,San Francisco Giants,SFG,SFN,SFN
1991,NL,SLN,STL,St. Louis Cardinals,STL,SLN,SLN
1991,AL,TEX,TEX,Texas Rangers,TEX,TEX,TEX
1991,AL,TOR,TOR,Toronto Blue Jays,TOR,TOR,TOR
1992,NL,ATL,ATL,Atlanta Braves,ATL,ATL,ATL
1992,AL,BAL,BAL,Baltimore Orioles,BAL,BAL,BAL
1992,AL,BOS,BOS,Boston Red Sox,BOS,BOS,BOS
1992,AL,CAL,ANA,California Angels,CAL,CAL,CAL
1992,AL,CHA,CHW,Chicago White Sox,CHW,CHA,CHA
1992,NL,CHN,CHC,Chicago Cubs,CHC,CHN,CHN
1992,NL,CIN,CIN,Cincinnati Reds,CIN,CIN,CIN
1992,AL,CLE,CLE,Cleveland Indians,CLE,CLE,CLE
1992,AL,DET,DET,Detroit Tigers,DET,DET,DET
1992,NL,HOU,HOU,Houston Astros,HOU,HOU,HOU
1992,AL,KCA,KCR,Kansas City Royals,KCR,KCA,KCA
1992,NL,LAN,LAD,Los Angeles Dodgers,LAD,LAN,LAN
1992,AL,MIN,MIN,Minnesota Twins,MIN,MIN,MIN
1992,AL,ML4,MIL,Milwaukee Brewers,MIL,MIL,MIL
1992,NL,MON,WSN,Montreal Expos,MON,MON,MON
1992,AL,NYA,NYY,New York Yankees,NYY,NYA,NYA
1992,NL,NYN,NYM,New York Mets,NYM,NYN,NYN
1992,AL,OAK,OAK,Oakland Athletics,OAK,OAK,OAK
1992,NL,PHI,PHI,Philadelphia Phillies,PHI,PHI,PHI
1992,NL,PIT,PIT,Pittsburgh Pirates,PIT,PIT,PIT
1992,NL,SDN,SDP,San Diego Padres,SDP,SDN,SDN
1992,AL,SEA,SEA,Seattle Mariners,SEA,SEA,SEA
1992,NL,SFN,SFG,San Francisco Giants,SFG,SFN,SFN
1992,NL,SLN,STL,St. Louis Cardinals,STL,SLN,SLN
1992,AL,TEX,TEX,Texas Rangers,TEX,TEX,TEX
1992,AL,TOR,TOR,Toronto Blue Jays,TOR,TOR,TOR
1993,NL,ATL,ATL,Atlanta Braves,ATL,ATL,ATL
1993,AL,BAL,BAL,Baltimore Orioles,BAL,BAL,BAL
1993,AL,BOS,BOS,Boston Red Sox,BOS,BOS,BOS
1993,AL,CAL,ANA,California Angels,CAL,CAL,CAL
1993,AL,CHA,CHW,Chicago White Sox,CHW,CHA,CHA
1993,NL,CHN,CHC,Chicago Cubs,CHC,CHN,CHN
1993,NL,CIN,CIN,Cincinnati Reds,CIN,CIN,CIN
1993,AL,CLE,CLE,Cleveland Indians,CLE,CLE,CLE
1993,NL,COL,COL,Colorado Rockies,COL,COL,COL
1993,AL,DET,DET,Detroit Tigers,DET,DET,DET
1993,NL,FLO,FLA,Florida Marlins,FLA,FLO,FLO
1993,NL,HOU,HOU,Houston Astros,HOU,HOU,HOU
1993,AL,KCA,KCR,Kansas City Royals,KCR,KCA,KCA
1993,NL,LAN,LAD,Los Angeles Dodgers,LAD,LAN,LAN
1993,AL,MIN,MIN,Minnesota Twins,MIN,MIN,MIN
1993,AL,ML4,MIL,Milwaukee Brewers,MIL,MIL,MIL
1993,NL,MON,WSN,Montreal Expos,MON,MON,MON
1993,AL,NYA,NYY,New York Yankees,NYY,NYA,NYA
1993,NL,NYN,NYM,New York Mets,NYM,NYN,NYN
1993,AL,OAK,OAK,Oakland Athletics,OAK,OAK,OAK
1993,NL,PHI,PHI,Philadelphia Phillies,PHI,PHI,PHI
1993,NL,PIT,PIT,Pittsburgh Pirates,PIT,PIT,PIT
1993,NL,SDN,SDP,San Diego Padres,SDP,SDN,SDN
1993,AL,SEA,SEA,Seattle Mariners,SEA,SEA,SEA
1993,NL,SFN,SFG,San Francisco Giants,SFG,SFN,SFN
1993,NL,SLN,STL,St. Louis Cardinals,STL,SLN,SLN
1993,AL,TEX,TEX,Texas Rangers,TEX,TEX,TEX
1993,AL,TOR,TOR,Toronto Blue Jays,TOR,TOR,TOR
1994,NL,ATL,ATL,Atlanta Braves,ATL,ATL,ATL
1994,AL,BAL,BAL,Baltimore Orioles,BAL,BAL,BAL
1994,AL,BOS,BOS,Boston Red Sox,BOS,BOS,BOS
1994,AL,CAL,ANA,California Angels,CAL,CAL,CAL
1994,AL,CHA,CHW,Chicago White Sox,CHW,CHA,CHA
1994,NL,CHN,CHC,Chicago Cubs,CHC,CHN,CHN
1994,NL,CIN,CIN,Cincinnati Reds,CIN,CIN,CIN
1994,AL,CLE,CLE,Cleveland Indians,CLE,CLE,CLE
1994,NL,COL,COL,Colorado Rockies,COL,COL,COL
1994,AL,DET,DET,Detroit Tigers,DET,DET,DET
1994,NL,FLO,FLA,Florida Marlins,FLA,FLO,FLO
1994,NL,HOU,HOU,Houston Astros,HOU,HOU,HOU
1994,AL,KCA,KCR,Kansas City Royals,KCR,KCA,KCA
1994,NL,LAN,LAD,Los Angeles Dodgers,LAD,LAN,LAN
1994,AL,MIN,MIN,Minnesota Twins,MIN,MIN,MIN
1994,AL,ML4,MIL,Milwaukee Brewers,MIL,MIL,MIL
1994,NL,MON,WSN,Montreal Expos,MON,MON,MON
1994,AL,NYA,NYY,New York Yankees,NYY,NYA,NYA
1994,NL,NYN,NYM,New York Mets,NYM,NYN,NYN
1994,AL,OAK,OAK,Oakland Athletics,OAK,OAK,OAK
1994,NL,PHI,PHI,Philadelphia Phillies,PHI,PHI,PHI
1994,NL,PIT,PIT,Pittsburgh Pirates,PIT,PIT,PIT
1994,NL,SDN,SDP,San Diego Padres,SDP,SDN,SDN
1994,AL,SEA,SEA,Seattle Mariners,SEA,SEA,SEA
1994,NL,SFN,SFG,San Francisco Giants,SFG,SFN,SFN
1994,NL,SLN,STL,St. Louis Cardinals,STL,SLN,SLN
1994,AL,TEX,TEX,Texas Rangers,TEX,TEX,TEX
1994,AL,TOR,TOR,Toronto Blue Jays,TOR,TOR,TOR
1995,NL,ATL,ATL,Atlanta Braves,ATL,ATL,ATL
1995,AL,BAL,BAL,Baltimore Orioles,BAL,BAL,BAL
1995,AL,BOS,BOS,Boston Red Sox,BOS,BOS,BOS
1995,AL,CAL,ANA,California Angels,CAL,CAL,CAL
1995,AL,CHA,CHW,Chicago White Sox,CHW,CHA,CHA
1995,NL,CHN,CHC,Chicago Cubs,CHC,CHN,CHN
1995,NL,CIN,CIN,Cincinnati Reds,CIN,CIN,CIN
1995,AL,CLE,CLE,Cleveland Indians,CLE,CLE,CLE
1995,NL,COL,COL,Colorado Rockies,COL,COL,COL
1995,AL,DET,DET,Detroit Tigers,DET,DET,DET
1995,NL,FLO,FLA,Florida Marlins,FLA,FLO,FLO
1995,NL,HOU,HOU,Houston Astros,HOU,HOU,HOU
1995,AL,KCA,KCR,Kansas City Royals,KCR,KCA,KCA
1995,NL,LAN,LAD,Los Angeles Dodgers,LAD,LAN,LAN
1995,AL,MIN,MIN,Minnesota Twins,MIN,MIN,MIN
1995,AL,ML4,MIL,Milwaukee Brewers,MIL,MIL,MIL
1995,NL,MON,WSN,Montreal Expos,MON,MON,MON
1995,AL,NYA,NYY,New York Yankees,NYY,NYA,NYA
1995,NL,NYN,NYM,New York Mets,NYM,NYN,NYN
1995,AL,OAK,OAK,Oakland Athletics,OAK,OAK,OAK
1995,NL,PHI,PHI,Philadelphia Phillies,PHI,PHI,PHI
1995,NL,PIT,PIT,Pittsburgh Pirates,PIT,PIT,PIT
1995,NL,SDN,SDP,San Diego Padres,SDP,SDN,SDN
1995,AL,SEA,SEA,Seattle Mariners,SEA,SEA,SEA
1995,NL,SFN,SFG,San Francisco Giants,SFG,SFN,SFN
1995,NL,SLN,STL,St. Louis Cardinals,STL,SLN,SLN
1995,AL,TEX,TEX,Texas Rangers,TEX,TEX,TEX
1995,AL,TOR,TOR,Toronto Blue Jays,TOR,TOR,TOR
1996,NL,ATL,ATL,Atlanta Braves,ATL,ATL,ATL
1996,AL,BAL,BAL,Baltimore Orioles,BAL,BAL,BAL
1996,AL,BOS,BOS,Boston Red Sox,BOS,BOS,BOS
1996,AL,CAL,ANA,California Angels,CAL,CAL,CAL
1996,AL,CHA,CHW,Chicago White Sox,CHW,CHA,CHA
1996,NL,CHN,CHC,Chicago Cubs,CHC,CHN,CHN
1996,NL,CIN,CIN,Cincinnati Reds,CIN,CIN,CIN
1996,AL,CLE,CLE,Cleveland Indians,CLE,CLE,CLE
1996,NL,COL,COL,Colorado Rockies,COL,COL,COL
1996,AL,DET,DET,Detroit Tigers,DET,DET,DET
1996,NL,FLO,FLA,Florida Marlins,FLA,FLO,FLO
1996,NL,HOU,HOU,Houston Astros,HOU,HOU,HOU
1996,AL,KCA,KCR,Kansas City Royals,KCR,KCA,KCA
1996,NL,LAN,LAD,Los Angeles Dodgers,LAD,LAN,LAN
1996,AL,MIN,MIN,Minnesota Twins,MIN,MIN,MIN
1996,AL,ML4,MIL,Milwaukee Brewers,MIL,MIL,MIL
1996,NL,MON,WSN,Montreal Expos,MON,MON,MON
1996,AL,NYA,NYY,New York Yankees,NYY,NYA,NYA
1996,NL,NYN,NYM,New York Mets,NYM,NYN,NYN
1996,AL,OAK,OAK,Oakland Athletics,OAK,OAK,OAK
1996,NL,PHI,PHI,Philadelphia Phillies,PHI,PHI,PHI
1996,NL,PIT,PIT,Pittsburgh Pirates,PIT,PIT,PIT
1996,NL,SDN,SDP,San Diego Padres,SDP,SDN,SDN
1996,AL,SEA,SEA,Seattle Mariners,SEA,SEA,SEA
1996,NL,SFN,SFG,San Francisco Giants,SFG,SFN,SFN
1996,NL,SLN,STL,St. Louis Cardinals,STL,SLN,SLN
1996,AL,TEX,TEX,Texas Rangers,TEX,TEX,TEX
1996,AL,TOR,TOR,Toronto Blue Jays,TOR,TOR,TOR
1997,AL,ANA,ANA,Anaheim Angels,ANA,ANA,ANA
1997,NL,ATL,ATL,Atlanta Braves,ATL,ATL,ATL
1997,AL,BAL,BAL,Baltimore Orioles,BAL,BAL,BAL
1997,AL,BOS,BOS,Boston Red Sox,BOS,BOS,BOS
1997,AL,CHA,CHW,Chicago White Sox,CHW,CHA,CHA
1997,NL,CHN,CHC,Chicago Cubs,CHC,CHN,CHN
1997,NL,CIN,CIN,Cincinnati Reds,CIN,CIN,CIN
1997,AL,CLE,CLE,Cleveland Indians,CLE,CLE,CLE
1997,NL,COL,COL,Colorado Rockies,COL,COL,COL
1997,AL,DET,DET,Detroit Tigers,DET,DET,DET
1997,NL,FLO,FLA,Florida Marlins,FLA,FLO,FLO
1997,NL,HOU,HOU,Houston Astros,HOU,HOU,HOU
1997,AL,KCA,KCR,Kansas City Royals,KCR,KCA,KCA
1997,NL,LAN,LAD,Los Angeles Dodgers,LAD,LAN,LAN
1997,AL,MIN,MIN,Minnesota Twins,MIN,MIN,MIN
1997,AL,ML4,MIL,Milwaukee Brewers,MIL,MIL,MIL
1997,NL,MON,WSN,Montreal Expos,MON,MON,MON
1997,AL,NYA,NYY,New York Yankees,NYY,NYA,NYA
1997,NL,NYN,NYM,New York Mets,NYM,NYN,NYN
1997,AL,OAK,OAK,Oakland Athletics,OAK,OAK,OAK
1997,NL,PHI,PHI,Philadelphia Phillies,PHI,PHI,PHI
1997,NL,PIT,PIT,Pittsburgh Pirates,PIT,PIT,PIT
1997,NL,SDN,SDP,San Diego Padres,SDP,SDN,SDN
1997,AL,SEA,SEA,Seattle Mariners,SEA,SEA,SEA
1997,NL,SFN,SFG,San Francisco Giants,SFG,SFN,SFN
1997,NL,SLN,STL,St. Louis Cardinals,STL,SLN,SLN
1997,AL,TEX,TEX,Texas Rangers,TEX,TEX,TEX
1997,AL,TOR,TOR,Toronto Blue Jays,TOR,TOR,TOR
1998,AL,ANA,ANA,Anaheim Angels,ANA,ANA,ANA
1998,NL,ARI,ARI,Arizona Diamondbacks,ARI,ARI,ARI
1998,NL,ATL,ATL,Atlanta Braves,ATL,ATL,ATL
1998,AL,BAL,BAL,Baltimore Orioles,BAL,BAL,BAL
1998,AL,BOS,BOS,Boston Red Sox,BOS,BOS,BOS
1998,AL,CHA,CHW,Chicago White Sox,CHW,CHA,CHA
1998,NL,CHN,CHC,Chicago Cubs,CHC,CHN,CHN
1998,NL,CIN,CIN,Cincinnati Reds,CIN,CIN,CIN
1998,AL,CLE,CLE,Cleveland Indians,CLE,CLE,CLE
1998,NL,COL,COL,Colorado Rockies,COL,COL,COL
1998,AL,DET,DET,Detroit Tigers,DET,DET,DET
1998,NL,FLO,FLA,Florida Marlins,FLA,FLO,FLO
1998,NL,HOU,HOU,Houston Astros,HOU,HOU,HOU
1998,AL,KCA,KCR,Kansas City Royals,KCR,KCA,KCA
1998,NL,LAN,LAD,Los Angeles Dodgers,LAD,LAN,LAN
1998,NL,MIL,MIL,Milwaukee Brewers,MIL,ML4,MIL
1998,AL,MIN,MIN,Minnesota Twins,MIN,MIN,MIN
1998,NL,MON,WSN,Montreal Expos,MON,MON,MON
1998,AL,NYA,NYY,New York Yankees,NYY,NYA,NYA
1998,NL,NYN,NYM,New York Mets,NYM,NYN,NYN
1998,AL,OAK,OAK,Oakland Athletics,OAK,OAK,OAK
1998,NL,PHI,PHI,Philadelphia Phillies,PHI,PHI,PHI
1998,NL,PIT,PIT,Pittsburgh Pirates,PIT,PIT,PIT
1998,NL,SDN,SDP,San Diego Padres,SDP,SDN,SDN
1998,AL,SEA,SEA,Seattle Mariners,SEA,SEA,SEA
1998,NL,SFN,SFG,San Francisco Giants,SFG,SFN,SFN
1998,NL,SLN,STL,St. Louis Cardinals,STL,SLN,SLN
1998,AL,TBA,TBD,Tampa Bay Devil Rays,TBD,TBA,TBA
1998,AL,TEX,TEX,Texas Rangers,TEX,TEX,TEX
1998,AL,TOR,TOR,Toronto Blue Jays,TOR,TOR,TOR
1999,AL,ANA,ANA,Anaheim Angels,ANA,ANA,ANA
1999,NL,ARI,ARI,Arizona Diamondbacks,ARI,ARI,ARI
1999,NL,ATL,ATL,Atlanta Braves,ATL,ATL,ATL
1999,AL,BAL,BAL,Baltimore Orioles,BAL,BAL,BAL
1999,AL,BOS,BOS,Boston Red Sox,BOS,BOS,BOS
1999,AL,CHA,CHW,Chicago White Sox,CHW,CHA,CHA
1999,NL,CHN,CHC,Chicago Cubs,CHC,CHN,CHN
1999,NL,CIN,CIN,Cincinnati Reds,CIN,CIN,CIN
1999,AL,CLE,CLE,Cleveland Indians,CLE,CLE,CLE
1999,NL,COL,COL,Colorado Rockies,COL,COL,COL
1999,AL,DET,DET,Detroit Tigers,DET,DET,DET
1999,NL,FLO,FLA,Florida Marlins,FLA,FLO,FLO
1999,NL,HOU,HOU,Houston Astros,HOU,HOU,HOU
1999,AL,KCA,KCR,Kansas City Royals,KCR,KCA,KCA
1999,NL,LAN,LAD,Los Angeles Dodgers,LAD,LAN,LAN
1999,NL,MIL,MIL,Milwaukee Brewers,MIL,ML4,MIL
1999,AL,MIN,MIN,Minnesota Twins,MIN,MIN,MIN
1999,NL,MON,WSN,Montreal Expos,MON,MON,MON
1999,AL,NYA,NYY,New York Yankees,NYY,NYA,NYA
1999,NL,NYN,NYM,New York Mets,NYM,NYN,NYN
1999,AL,OAK,OAK,Oakland Athletics,OAK,OAK,OAK
1999,NL,PHI,PHI,Philadelphia Phillies,PHI,PHI,PHI
1999,NL,PIT,PIT,Pittsburgh Pirates,PIT,PIT,PIT
1999,NL,SDN,SDP,San Diego Padres,SDP,SDN,SDN
1999,AL,SEA,SEA,Seattle Mariners,SEA,SEA,SEA
1999,NL,SFN,SFG,San Francisco Giants,SFG,SFN,SFN
1999,NL,SLN,STL,St. Louis Cardinals,STL,SLN,SLN
1999,AL,TBA,TBD,Tampa Bay Devil Rays,TBD,TBA,TBA
1999,AL,TEX,TEX,Texas Rangers,TEX,TEX,TEX
1999,AL,TOR,TOR,Toronto Blue Jays,TOR,TOR,TOR
2000,AL,ANA,ANA,Anaheim Angels,ANA,ANA,ANA
2000,NL,ARI,ARI,Arizona Diamondbacks,ARI,ARI,ARI
2000,NL,ATL,ATL,Atlanta Braves,ATL,ATL,ATL
2000,AL,BAL,BAL,Baltimore Orioles,BAL,BAL,BAL
2000,AL,BOS,BOS,Boston Red Sox,BOS,BOS,BOS
2000,AL,CHA,CHW,Chicago White Sox,CHW,CHA,CHA
2000,NL,CHN,CHC,Chicago Cubs,CHC,CHN,CHN
2000,NL,CIN,CIN,Cincinnati Reds,CIN,CIN,CIN
2000,AL,CLE,CLE,Cleveland Indians,CLE,CLE,CLE
2000,NL,COL,COL,Colorado Rockies,COL,COL,COL
2000,AL,DET,DET,Detroit Tigers,DET,DET,DET
2000,NL,FLO,FLA,Florida Marlins,FLA,FLO,FLO
2000,NL,HOU,HOU,Houston Astros,HOU,HOU,HOU
2000,AL,KCA,KCR,Kansas City Royals,KCR,KCA,KCA
2000,NL,LAN,LAD,Los Angeles Dodgers,LAD,LAN,LAN
2000,NL,MIL,MIL,Milwaukee Brewers,MIL,ML4,MIL
2000,AL,MIN,MIN,Minnesota Twins,MIN,MIN,MIN
2000,NL,MON,WSN,Montreal Expos,MON,MON,MON
2000,AL,NYA,NYY,New York Yankees,NYY,NYA,NYA
2000,NL,NYN,NYM,New York Mets,NYM,NYN,NYN
2000,AL,OAK,OAK,Oakland Athletics,OAK,OAK,OAK
2000,NL,PHI,PHI,Philadelphia Phillies,PHI,PHI,PHI
2000,NL,PIT,PIT,Pittsburgh Pirates,PIT,PIT,PIT
2000,NL,SDN,SDP,San Diego Padres,SDP,SDN,SDN
2000,AL,SEA,SEA,Seattle Mariners,SEA,SEA,SEA
2000,NL,SFN,SFG,San Francisco Giants,SFG,SFN,SFN
2000,NL,SLN,STL,St. Louis Cardinals,STL,SLN,SLN
2000,AL,TBA,TBD,Tampa Bay Devil Rays,TBD,TBA,TBA
2000,AL,TEX,TEX,Texas Rangers,TEX,TEX,TEX
2000,AL,TOR,TOR,Toronto Blue Jays,TOR,TOR,TOR
2001,AL,ANA,ANA,Anaheim Angels,ANA,ANA,ANA
2001,NL,ARI,ARI,Arizona Diamondbacks,ARI,ARI,ARI
2001,NL,ATL,ATL,Atlanta Braves,ATL,ATL,ATL
2001,AL,BAL,BAL,Baltimore Orioles,BAL,BAL,BAL
2001,AL,BOS,BOS,Boston Red Sox,BOS,BOS,BOS
2001,AL,CHA,CHW,Chicago White Sox,CHW,CHA,CHA
2001,NL,CHN,CHC,Chicago Cubs,CHC,CHN,CHN
2001,NL,CIN,CIN,Cincinnati Reds,CIN,CIN,CIN
2001,AL,CLE,CLE,Cleveland Indians,CLE,CLE,CLE
2001,NL,COL,COL,Colorado Rockies,COL,COL,COL
2001,AL,DET,DET,Detroit Tigers,DET,DET,DET
2001,NL,FLO,FLA,Florida Marlins,FLA,FLO,FLO
2001,NL,HOU,HOU,Houston Astros,HOU,HOU,HOU
2001,AL,KCA,KCR,Kansas City Royals,KCR,KCA,KCA
2001,NL,LAN,LAD,Los Angeles Dodgers,LAD,LAN,LAN
2001,NL,MIL,MIL,Milwaukee Brewers,MIL,ML4,MIL
2001,AL,MIN,MIN,Minnesota Twins,MIN,MIN,MIN
2001,NL,MON,WSN,Montreal Expos,MON,MON,MON
2001,AL,NYA,NYY,New York Yankees,NYY,NYA,NYA
2001,NL,NYN,NYM,New York Mets,NYM,NYN,NYN
2001,AL,OAK,OAK,Oakland Athletics,OAK,OAK,OAK
2001,NL,PHI,PHI,Philadelphia Phillies,PHI,PHI,PHI
2001,NL,PIT,PIT,Pittsburgh Pirates,PIT,PIT,PIT
2001,NL,SDN,SDP,San Diego Padres,SDP,SDN,SDN
2001,AL,SEA,SEA,Seattle Mariners,SEA,SEA,SEA
2001,NL,SFN,SFG,San Francisco Giants,SFG,SFN,SFN
2001,NL,SLN,STL,St. Louis Cardinals,STL,SLN,SLN
2001,AL,TBA,TBD,Tampa Bay Devil Rays,TBD,TBA,TBA
2001,AL,TEX,TEX,Texas Rangers,TEX,TEX,TEX
2001,AL,TOR,TOR,Toronto Blue Jays,TOR,TOR,TOR
2002,AL,ANA,ANA,Anaheim Angels,ANA,ANA,ANA
2002,NL,ARI,ARI,Arizona Diamondbacks,ARI,ARI,ARI
2002,NL,ATL,ATL,Atlanta Braves,ATL,ATL,ATL
2002,AL,BAL,BAL,Baltimore Orioles,BAL,BAL,BAL
2002,AL,BOS,BOS,Boston Red Sox,BOS,BOS,BOS
2002,AL,CHA,CHW,Chicago White Sox,CHW,CHA,CHA
2002,NL,CHN,CHC,Chicago Cubs,CHC,CHN,CHN
2002,NL,CIN,CIN,Cincinnati Reds,CIN,CIN,CIN
2002,AL,CLE,CLE,Cleveland Indians,CLE,CLE,CLE
2002,NL,COL,COL,Colorado Rockies,COL,COL,COL
2002,AL,DET,DET,Detroit Tigers,DET,DET,DET
2002,NL,FLO,FLA,Florida Marlins,FLA,FLO,FLO
2002,NL,HOU,HOU,Houston Astros,HOU,HOU,HOU
2002,AL,KCA,KCR,Kansas City Royals,KCR,KCA,KCA
2002,NL,LAN,LAD,Los Angeles Dodgers,LAD,LAN,LAN
2002,NL,MIL,MIL,Milwaukee Brewers,MIL,ML4,MIL
2002,AL,MIN,MIN,Minnesota Twins,MIN,MIN,MIN
2002,NL,MON,WSN,Montreal Expos,MON,MON,MON
2002,AL,NYA,NYY,New York Yankees,NYY,NYA,NYA
2002,NL,NYN,NYM,New York Mets,NYM,NYN,NYN
2002,AL,OAK,OAK,Oakland Athletics,OAK,OAK,OAK
2002,NL,PHI,PHI,Philadelphia Phillies,PHI,PHI,PHI
2002,NL,PIT,PIT,Pittsburgh Pirates,PIT,PIT,PIT
2002,NL,SDN,SDP,San Diego Padres,SDP,SDN,SDN
2002,AL,SEA,SEA,Seattle Mariners,SEA,SEA,SEA
2002,NL,SFN,SFG,San Francisco Giants,SFG,SFN,SFN
2002,NL,SLN,STL,St. Louis Cardinals,STL,SLN,SLN
2002,AL,TBA,TBD,Tampa Bay Devil Rays,TBD,TBA,TBA
2002,AL,TEX,TEX,Texas Rangers,TEX,TEX,TEX
2002,AL,TOR,TOR,Toronto Blue Jays,TOR,TOR,TOR
2003,AL,ANA,ANA,Anaheim Angels,ANA,ANA,ANA
2003,NL,ARI,ARI,Arizona Diamondbacks,ARI,ARI,ARI
2003,NL,ATL,ATL,Atlanta Braves,ATL,ATL,ATL
2003,AL,BAL,BAL,Baltimore Orioles,BAL,BAL,BAL
2003,AL,BOS,BOS,Boston Red Sox,BOS,BOS,BOS
2003,AL,CHA,CHW,Chicago White Sox,CHW,CHA,CHA
2003,NL,CHN,CHC,Chicago Cubs,CHC,CHN,CHN
2003,NL,CIN,CIN,Cincinnati Reds,CIN,CIN,CIN
2003,AL,CLE,CLE,Cleveland Indians,CLE,CLE,CLE
2003,NL,COL,COL,Colorado Rockies,COL,COL,COL
2003,AL,DET,DET,Detroit Tigers,DET,DET,DET
2003,NL,FLO,FLA,Florida Marlins,FLA,FLO,FLO
2003,NL,HOU,HOU,Houston Astros,HOU,HOU,HOU
2003,AL,KCA,KCR,Kansas City Royals,KCR,KCA,KCA
2003,NL,LAN,LAD,Los Angeles Dodgers,LAD,LAN,LAN
2003,NL,MIL,MIL,Milwaukee Brewers,MIL,ML4,MIL
2003,AL,MIN,MIN,Minnesota Twins,MIN,MIN,MIN
2003,NL,MON,WSN,Montreal Expos,MON,MON,MON
2003,AL,NYA,NYY,New York Yankees,NYY,NYA,NYA
2003,NL,NYN,NYM,New York Mets,NYM,NYN,NYN
2003,AL,OAK,OAK,Oakland Athletics,OAK,OAK,OAK
2003,NL,PHI,PHI,Philadelphia Phillies,PHI,PHI,PHI
2003,NL,PIT,PIT,Pittsburgh Pirates,PIT,PIT,PIT
2003,NL,SDN,SDP,San Diego Padres,SDP,SDN,SDN
2003,AL,SEA,SEA,Seattle Mariners,SEA,SEA,SEA
2003,NL,SFN,SFG,San Francisco Giants,SFG,SFN,SFN
2003,NL,SLN,STL,St. Louis Cardinals,STL,SLN,SLN
2003,AL,TBA,TBD,Tampa Bay Devil Rays,TBD,TBA,TBA
2003,AL,TEX,TEX,Texas Rangers,TEX,TEX,TEX
2003,AL,TOR,TOR,Toronto Blue Jays,TOR,TOR,TOR
2004,AL,ANA,ANA,Anaheim Angels,ANA,ANA,ANA
2004,NL,ARI,ARI,Arizona Diamondbacks,ARI,ARI,ARI
2004,NL,ATL,ATL,Atlanta Braves,ATL,ATL,ATL
2004,AL,BAL,BAL,Baltimore Orioles,BAL,BAL,BAL
2004,AL,BOS,BOS,Boston Red Sox,BOS,BOS,BOS
2004,AL,CHA,CHW,Chicago White Sox,CHW,CHA,CHA
2004,NL,CHN,CHC,Chicago Cubs,CHC,CHN,CHN
2004,NL,CIN,CIN,Cincinnati Reds,CIN,CIN,CIN
2004,AL,CLE,CLE,Cleveland Indians,CLE,CLE,CLE
2004,NL,COL,COL,Colorado Rockies,COL,COL,COL
2004,AL,DET,DET,Detroit Tigers,DET,DET,DET
2004,NL,FLO,FLA,Florida Marlins,FLA,FLO,FLO
2004,NL,HOU,HOU,Houston Astros,HOU,HOU,HOU
2004,AL,KCA,KCR,Kansas City Royals,KCR,KCA,KCA
2004,NL,LAN,LAD,Los Angeles Dodgers,LAD,LAN,LAN
2004,NL,MIL,MIL,Milwaukee Brewers,MIL,ML4,MIL
2004,AL,MIN,MIN,Minnesota Twins,MIN,MIN,MIN
2004,NL,MON,WSN,Montreal Expos,MON,MON,MON
2004,AL,NYA,NYY,New York Yankees,NYY,NYA,NYA
2004,NL,NYN,NYM,New York Mets,NYM,NYN,NYN
2004,AL,OAK,OAK,Oakland Athletics,OAK,OAK,OAK
2004,NL,PHI,PHI,Philadelphia Phillies,PHI,PHI,PHI
2004,NL,PIT,PIT,Pittsburgh Pirates,PIT,PIT,PIT
2004,NL,SDN,SDP,San Diego Padres,SDP,SDN,SDN
2004,AL,SEA,SEA,Seattle Mariners,SEA,SEA,SEA
2004,NL,SFN,SFG,San Francisco Giants,SFG,SFN,SFN
2004,NL,SLN,STL,St. Louis Cardinals,STL,SLN,SLN
2004,AL,TBA,TBD,Tampa Bay Devil Rays,TBD,TBA,TBA
2004,AL,TEX,TEX,Texas Rangers,TEX,TEX,TEX
2004,AL,TOR,TOR,Toronto Blue Jays,TOR,TOR,TOR
2004,NL,WAS,WSN,Washington Nationals,WSN,MON,WAS
2005,NL,ARI,ARI,Arizona Diamondbacks,ARI,ARI,ARI
2005,NL,ATL,ATL,Atlanta Braves,ATL,ATL,ATL
2005,AL,BAL,BAL,Baltimore Orioles,BAL,BAL,BAL
2005,AL,BOS,BOS,Boston Red Sox,BOS,BOS,BOS
2005,AL,CHA,CHW,Chicago White Sox,CHW,CHA,CHA
2005,NL,CHN,CHC,Chicago Cubs,CHC,CHN,CHN
2005,NL,CIN,CIN,Cincinnati Reds,CIN,CIN,CIN
2005,AL,CLE,CLE,Cleveland Indians,CLE,CLE,CLE
2005,NL,COL,COL,Colorado Rockies,COL,COL,COL
2005,AL,DET,DET,Detroit Tigers,DET,DET,DET
2005,NL,FLO,FLA,Florida Marlins,FLA,FLO,FLO
2005,NL,HOU,HOU,Houston Astros,HOU,HOU,HOU
2005,AL,KCA,KCR,Kansas City Royals,KCR,KCA,KCA
2005,AL,LAA,ANA,Los Angeles Angels of Anaheim,LAA,ANA,ANA
2005,NL,LAN,LAD,Los Angeles Dodgers,LAD,LAN,LAN
2005,NL,MIL,MIL,Milwaukee Brewers,MIL,ML4,MIL
2005,AL,MIN,MIN,Minnesota Twins,MIN,MIN,MIN
2005,AL,NYA,NYY,New York Yankees,NYY,NYA,NYA
2005,NL,NYN,NYM,New York Mets,NYM,NYN,NYN
2005,AL,OAK,OAK,Oakland Athletics,OAK,OAK,OAK
2005,NL,PHI,PHI,Philadelphia Phillies,PHI,PHI,PHI
2005,NL,PIT,PIT,Pittsburgh Pirates,PIT,PIT,PIT
2005,NL,SDN,SDP,San Diego Padres,SDP,SDN,SDN
2005,AL,SEA,SEA,Seattle Mariners,SEA,SEA,SEA
2005,NL,SFN,SFG,San Francisco Giants,SFG,SFN,SFN
2005,NL,SLN,STL,St. Louis Cardinals,STL,SLN,SLN
2005,AL,TBA,TBD,Tampa Bay Devil Rays,TBD,TBA,TBA
2005,AL,TEX,TEX,Texas Rangers,TEX,TEX,TEX
2005,AL,TOR,TOR,Toronto Blue Jays,TOR,TOR,TOR
2005,NL,WAS,WSN,Washington Nationals,WSN,MON,WAS
2006,NL,ARI,ARI,Arizona Diamondbacks,ARI,ARI,ARI
2006,NL,ATL,ATL,Atlanta Braves,ATL,ATL,ATL
2006,AL,BAL,BAL,Baltimore Orioles,BAL,BAL,BAL
2006,AL,BOS,BOS,Boston Red Sox,BOS,BOS,BOS
2006,AL,CHA,CHW,Chicago White Sox,CHW,CHA,CHA
2006,NL,CHN,CHC,Chicago Cubs,CHC,CHN,CHN
2006,NL,CIN,CIN,Cincinnati Reds,CIN,CIN,CIN
2006,AL,CLE,CLE,Cleveland Indians,CLE,CLE,CLE
2006,NL,COL,COL,Colorado Rockies,COL,COL,COL
2006,AL,DET,DET,Detroit Tigers,DET,DET,DET
2006,NL,FLO,FLA,Florida Marlins,FLA,FLO,FLO
2006,NL,HOU,HOU,Houston Astros,HOU,HOU,HOU
2006,AL,KCA,KCR,Kansas City Royals,KCR,KCA,KCA
2006,AL,LAA,ANA,Los Angeles Angels of Anaheim,LAA,ANA,ANA
2006,NL,LAN,LAD,Los Angeles Dodgers,LAD,LAN,LAN
2006,NL,MIL,MIL,Milwaukee Brewers,MIL,ML4,MIL
2006,AL,MIN,MIN,Minnesota Twins,MIN,MIN,MIN
2006,AL,NYA,NYY,New York Yankees,NYY,NYA,NYA
2006,NL,NYN,NYM,New York Mets,NYM,NYN,NYN
2006,AL,OAK,OAK,Oakland Athletics,OAK,OAK,OAK
2006,NL,PHI,PHI,Philadelphia Phillies,PHI,PHI,PHI
2006,NL,PIT,PIT,Pittsburgh Pirates,PIT,PIT,PIT
2006,NL,SDN,SDP,San Diego Padres,SDP,SDN,SDN
2006,AL,SEA,SEA,Seattle Mariners,SEA,SEA,SEA
2006,NL,SFN,SFG,San Francisco Giants,SFG,SFN,SFN
2006,NL,SLN,STL,St. Louis Cardinals,STL,SLN,SLN
2006,AL,TBA,TBD,Tampa Bay Devil Rays,TBD,TBA,TBA
2006,AL,TEX,TEX,Texas Rangers,TEX,TEX,TEX
2006,AL,TOR,TOR,Toronto Blue Jays,TOR,TOR,TOR
2006,NL,WAS,WSN,Washington Nationals,WSN,MON,WAS
2007,NL,ARI,ARI,Arizona Diamondbacks,ARI,ARI,ARI
2007,NL,ATL,ATL,Atlanta Braves,ATL,ATL,ATL
2007,AL,BAL,BAL,Baltimore Orioles,BAL,BAL,BAL
2007,AL,BOS,BOS,Boston Red Sox,BOS,BOS,BOS
2007,AL,CHA,CHW,Chicago White Sox,CHW,CHA,CHA
2007,NL,CHN,CHC,Chicago Cubs,CHC,CHN,CHN
2007,NL,CIN,CIN,Cincinnati Reds,CIN,CIN,CIN
2007,AL,CLE,CLE,Cleveland Indians,CLE,CLE,CLE
2007,NL,COL,COL,Colorado Rockies,COL,COL,COL
2007,AL,DET,DET,Detroit Tigers,DET,DET,DET
2007,NL,FLO,FLA,Florida Marlins,FLA,FLO,FLO
2007,NL,HOU,HOU,Houston Astros,HOU,HOU,HOU
2007,AL,KCA,KCR,Kansas City Royals,KCR,KCA,KCA
2007,AL,LAA,ANA,Los Angeles Angels of Anaheim,LAA,ANA,ANA
2007,NL,LAN,LAD,Los Angeles Dodgers,LAD,LAN,LAN
2007,NL,MIL,MIL,Milwaukee Brewers,MIL,ML4,MIL
2007,AL,MIN,MIN,Minnesota Twins,MIN,MIN,MIN
2007,AL,NYA,NYY,New York Yankees,NYY,NYA,NYA
2007,NL,NYN,NYM,New York Mets,NYM,NYN,NYN
2007,AL,OAK,OAK,Oakland Athletics,OAK,OAK,OAK
2007,NL,PHI,PHI,Philadelphia Phillies,PHI,PHI,PHI
2007,NL,PIT,PIT,Pittsburgh Pirates,PIT,PIT,PIT
2007,NL,SDN,SDP,San Diego Padres,SDP,SDN,SDN
2007,AL,SEA,SEA,Seattle Mariners,SEA,SEA,SEA
2007,NL,SFN,SFG,San Francisco Giants,SFG,SFN,SFN
2007,NL,SLN,STL,St. Louis Cardinals,STL,SLN,SLN
2007,AL,TBA,TBD,Tampa Bay Devil Rays,TBD,TBA,TBA
2007,AL,TEX,TEX,Texas Rangers,TEX,TEX,TEX
2007,AL,TOR,TOR,Toronto Blue Jays,TOR,TOR,TOR
2007,NL,WAS,WSN,Washington Nationals,WSN,MON,WAS
2008,NL,ARI,ARI,Arizona Diamondbacks,ARI,ARI,ARI
2008,NL,ATL,ATL,Atlanta Braves,ATL,ATL,ATL
2008,AL,BAL,BAL,Baltimore Orioles,BAL,BAL,BAL
2008,AL,BOS,BOS,Boston Red Sox,BOS,BOS,BOS
2008,AL,CHA,CHW,Chicago White Sox,CHW,CHA,CHA
2008,NL,CHN,CHC,Chicago Cubs,CHC,CHN,CHN
2008,NL,CIN,CIN,Cincinnati Reds,CIN,CIN,CIN
2008,AL,CLE,CLE,Cleveland Indians,CLE,CLE,CLE
2008,NL,COL,COL,Colorado Rockies,COL,COL,COL
2008,AL,DET,DET,Detroit Tigers,DET,DET,DET
2008,NL,FLO,FLA,Florida Marlins,FLA,FLO,FLO
2008,NL,HOU,HOU,Houston Astros,HOU,HOU,HOU
2008,AL,KCA,KCR,Kansas City Royals,KCR,KCA,KCA
2008,AL,LAA,ANA,Los Angeles Angels of Anaheim,LAA,ANA,ANA
2008,NL,LAN,LAD,Los Angeles Dodgers,LAD,LAN,LAN
2008,NL,MIL,MIL,Milwaukee Brewers,MIL,ML4,MIL
2008,AL,MIN,MIN,Minnesota Twins,MIN,MIN,MIN
2008,AL,NYA,NYY,New York Yankees,NYY,NYA,NYA
2008,NL,NYN,NYM,New York Mets,NYM,NYN,NYN
2008,AL,OAK,OAK,Oakland Athletics,OAK,OAK,OAK
2008,NL,PHI,PHI,Philadelphia Phillies,PHI,PHI,PHI
2008,NL,PIT,PIT,Pittsburgh Pirates,PIT,PIT,PIT
2008,NL,SDN,SDP,San Diego Padres,SDP,SDN,SDN
2008,AL,SEA,SEA,Seattle Mariners,SEA,SEA,SEA
2008,NL,SFN,SFG,San Francisco Giants,SFG,SFN,SFN
2008,NL,SLN,STL,St. Louis Cardinals,STL,SLN,SLN
2008,AL,TBA,TBD,Tampa Bay Rays,TBR,TBA,TBA
2008,AL,TEX,TEX,Texas Rangers,TEX,TEX,TEX
2008,AL,TOR,TOR,Toronto Blue Jays,TOR,TOR,TOR
2008,NL,WAS,WSN,Washington Nationals,WSN,MON,WAS
2009,NL,ARI,ARI,Arizona Diamondbacks,ARI,ARI,ARI
2009,NL,ATL,ATL,Atlanta Braves,ATL,ATL,ATL
2009,AL,BAL,BAL,Baltimore Orioles,BAL,BAL,BAL
2009,AL,BOS,BOS,Boston Red Sox,BOS,BOS,BOS
2009,AL,CHA,CHW,Chicago White Sox,CHW,CHA,CHA
2009,NL,CHN,CHC,Chicago Cubs,CHC,CHN,CHN
2009,NL,CIN,CIN,Cincinnati Reds,CIN,CIN,CIN
2009,AL,CLE,CLE,Cleveland Indians,CLE,CLE,CLE
2009,NL,COL,COL,Colorado Rockies,COL,COL,COL
2009,AL,DET,DET,Detroit Tigers,DET,DET,DET
2009,NL,FLO,FLA,Florida Marlins,FLA,FLO,FLO
2009,NL,HOU,HOU,Houston Astros,HOU,HOU,HOU
2009,AL,KCA,KCR,Kansas City Royals,KCR,KCA,KCA
2009,AL,LAA,ANA,Los Angeles Angels of Anaheim,LAA,ANA,ANA
2009,NL,LAN,LAD,Los Angeles Dodgers,LAD,LAN,LAN
2009,NL,MIL,MIL,Milwaukee Brewers,MIL,ML4,MIL
2009,AL,MIN,MIN,Minnesota Twins,MIN,MIN,MIN
2009,AL,NYA,NYY,New York Yankees,NYY,NYA,NYA
2009,NL,NYN,NYM,New York Mets,NYM,NYN,NYN
2009,AL,OAK,OAK,Oakland Athletics,OAK,OAK,OAK
2009,NL,PHI,PHI,Philadelphia Phillies,PHI,PHI,PHI
2009,NL,PIT,PIT,Pittsburgh Pirates,PIT,PIT,PIT
2009,NL,SDN,SDP,San Diego Padres,SDP,SDN,SDN
2009,AL,SEA,SEA,Seattle Mariners,SEA,SEA,SEA
2009,NL,SFN,SFG,San Francisco Giants,SFG,SFN,SFN
2009,NL,SLN,STL,St. Louis Cardinals,STL,SLN,SLN
2009,AL,TBA,TBD,Tampa Bay Rays,TBR,TBA,TBA
2009,AL,TEX,TEX,Texas Rangers,TEX,TEX,TEX
2009,AL,TOR,TOR,Toronto Blue Jays,TOR,TOR,TOR
2009,NL,WAS,WSN,Washington Nationals,WSN,MON,WAS
2010,NL,ARI,ARI,Arizona Diamondbacks,ARI,ARI,ARI
2010,NL,ATL,ATL,Atlanta Braves,ATL,ATL,ATL
2010,AL,BAL,BAL,Baltimore Orioles,BAL,BAL,BAL
2010,AL,BOS,BOS,Boston Red Sox,BOS,BOS,BOS
2010,AL,CHA,CHW,Chicago White Sox,CHW,CHA,CHA
2010,NL,CHN,CHC,Chicago Cubs,CHC,CHN,CHN
2010,NL,CIN,CIN,Cincinnati Reds,CIN,CIN,CIN
2010,AL,CLE,CLE,Cleveland Indians,CLE,CLE,CLE
2010,NL,COL,COL,Colorado Rockies,COL,COL,COL
2010,AL,DET,DET,Detroit Tigers,DET,DET,DET
2010,NL,FLO,FLA,Florida Marlins,FLA,FLO,FLO
2010,NL,HOU,HOU,Houston Astros,HOU,HOU,HOU
2010,AL,KCA,KCR,Kansas City Royals,KCR,KCA,KCA
2010,AL,LAA,ANA,Los Angeles Angels of Anaheim,LAA,ANA,ANA
2010,NL,LAN,LAD,Los Angeles Dodgers,LAD,LAN,LAN
2010,NL,MIL,MIL,Milwaukee Brewers,MIL,ML4,MIL
2010,AL,MIN,MIN,Minnesota Twins,MIN,MIN,MIN
2010,AL,NYA,NYY,New York Yankees,NYY,NYA,NYA
2010,NL,NYN,NYM,New York Mets,NYM,NYN,NYN
2010,AL,OAK,OAK,Oakland Athletics,OAK,OAK,OAK
2010,NL,PHI,PHI,Philadelphia Phillies,PHI,PHI,PHI
2010,NL,PIT,PIT,Pittsburgh Pirates,PIT,PIT,PIT
2010,NL,SDN,SDP,San Diego Padres,SDP,SDN,SDN
2010,AL,SEA,SEA,Seattle Mariners,SEA,SEA,SEA
2010,NL,SFN,SFG,San Francisco Giants,SFG,SFN,SFN
2010,NL,SLN,STL,St. Louis Cardinals,STL,SLN,SLN
2010,AL,TBA,TBD,Tampa Bay Rays,TBR,TBA,TBA
2010,AL,TEX,TEX,Texas Rangers,TEX,TEX,TEX
2010,AL,TOR,TOR,Toronto Blue Jays,TOR,TOR,TOR
2010,NL,WAS,WSN,Washington Nationals,WSN,MON,WAS
2011,NL,ARI,ARI,Arizona Diamondbacks,ARI,ARI,ARI
2011,NL,ATL,ATL,Atlanta Braves,ATL,ATL,ATL
2011,AL,BAL,BAL,Baltimore Orioles,BAL,BAL,BAL
2011,AL,BOS,BOS,Boston Red Sox,BOS,BOS,BOS
2011,AL,CHA,CHW,Chicago White Sox,CHW,CHA,CHA
2011,NL,CHN,CHC,Chicago Cubs,CHC,CHN,CHN
2011,NL,CIN,CIN,Cincinnati Reds,CIN,CIN,CIN
2011,AL,CLE,CLE,Cleveland Indians,CLE,CLE,CLE
2011,NL,COL,COL,Colorado Rockies,COL,COL,COL
2011,AL,DET,DET,Detroit Tigers,DET,DET,DET
2011,NL,FLO,FLA,Florida Marlins,FLA,FLO,FLO
2011,NL,HOU,HOU,Houston Astros,HOU,HOU,HOU
2011,AL,KCA,KCR,Kansas City Royals,KCR,KCA,KCA
2011,AL,LAA,ANA,Los Angeles Angels of Anaheim,LAA,ANA,ANA
2011,NL,LAN,LAD,Los Angeles Dodgers,LAD,LAN,LAN
2011,NL,MIL,MIL,Milwaukee Brewers,MIL,ML4,MIL
2011,AL,MIN,MIN,Minnesota Twins,MIN,MIN,MIN
2011,AL,NYA,NYY,New York Yankees,NYY,NYA,NYA
2011,NL,NYN,NYM,New York Mets,NYM,NYN,NYN
2011,AL,OAK,OAK,Oakland Athletics,OAK,OAK,OAK
2011,NL,PHI,PHI,Philadelphia Phillies,PHI,PHI,PHI
2011,NL,PIT,PIT,Pittsburgh Pirates,PIT,PIT,PIT
2011,NL,SDN,SDP,San Diego Padres,SDP,SDN,SDN
2011,AL,SEA,SEA,Seattle Mariners,SEA,SEA,SEA
2011,NL,SFN,SFG,San Francisco Giants,SFG,SFN,SFN
2011,NL,SLN,STL,St. Louis Cardinals,STL,SLN,SLN
2011,AL,TBA,TBD,Tampa Bay Rays,TBR,TBA,TBA
2011,AL,TEX,TEX,Texas Rangers,TEX,TEX,TEX
2011,AL,TOR,TOR,Toronto Blue Jays,TOR,TOR,TOR
2011,NL,WAS,WSN,Washington Nationals,WSN,MON,WAS
2012,NL,ARI,ARI,Arizona Diamondbacks,ARI,ARI,ARI
2012,NL,ATL,ATL,Atlanta Braves,ATL,ATL,ATL
2012,AL,BAL,BAL,Baltimore Orioles,BAL,BAL,BAL
2012,AL,BOS,BOS,Boston Red Sox,BOS,BOS,BOS
2012,AL,CHA,CHW,Chicago White Sox,CHW,CHA,CHA
2012,NL,CHN,CHC,Chicago Cubs,CHC,CHN,CHN
2012,NL,CIN,CIN,Cincinnati Reds,CIN,CIN,CIN
2012,AL,CLE,CLE,Cleveland Indians,CLE,CLE,CLE
2012,NL,COL,COL,Colorado Rockies,COL,COL,COL
2012,AL,DET,DET,Detroit Tigers,DET,DET,DET
2012,NL,HOU,HOU,Houston Astros,HOU,HOU,HOU
2012,AL,KCA,KCR,Kansas City Royals,KCR,KCA,KCA
2012,AL,LAA,ANA,Los Angeles Angels of Anaheim,LAA,ANA,ANA
2012,NL,LAN,LAD,Los Angeles Dodgers,LAD,LAN,LAN
2012,NL,MIA,FLA,Miami Marlins,MIA,FLO,MIA
2012,NL,MIL,MIL,Milwaukee Brewers,MIL,ML4,MIL
2012,AL,MIN,MIN,Minnesota Twins,MIN,MIN,MIN
2012,AL,NYA,NYY,New York Yankees,NYY,NYA,NYA
2012,NL,NYN,NYM,New York Mets,NYM,NYN,NYN
2012,AL,OAK,OAK,Oakland Athletics,OAK,OAK,OAK
2012,NL,PHI,PHI,Philadelphia Phillies,PHI,PHI,PHI
2012,NL,PIT,PIT,Pittsburgh Pirates,PIT,PIT,PIT
2012,NL,SDN,SDP,San Diego Padres,SDP,SDN,SDN
2012,AL,SEA,SEA,Seattle Mariners,SEA,SEA,SEA
2012,NL,SFN,SFG,San Francisco Giants,SFG,SFN,SFN
2012,NL,SLN,STL,St. Louis Cardinals,STL,SLN,SLN
2012,AL,TBA,TBD,Tampa Bay Rays,TBR,TBA,TBA
2012,AL,TEX,TEX,Texas Rangers,TEX,TEX,TEX
2012,AL,TOR,TOR,Toronto Blue Jays,TOR,TOR,TOR
2012,NL,WAS,WSN,Washington Nationals,WSN,MON,WAS
2013,NL,ARI,ARI,Arizona Diamondbacks,ARI,ARI,ARI
2013,NL,ATL,ATL,Atlanta Braves,ATL,ATL,ATL
2013,AL,BAL,BAL,Baltimore Orioles,BAL,BAL,BAL
2013,AL,BOS,BOS,Boston Red Sox,BOS,BOS,BOS
2013,AL,CHA,CHW,Chicago White Sox,CHW,CHA,CHA
2013,NL,CHN,CHC,Chicago Cubs,CHC,CHN,CHN
2013,NL,CIN,CIN,Cincinnati Reds,CIN,CIN,CIN
2013,AL,CLE,CLE,Cleveland Indians,CLE,CLE,CLE
2013,NL,COL,COL,Colorado Rockies,COL,COL,COL
2013,AL,DET,DET,Detroit Tigers,DET,DET,DET
2013,AL,HOU,HOU,Houston Astros,HOU,HOU,HOU
2013,AL,KCA,KCR,Kansas City Royals,KCR,KCA,KCA
2013,AL,LAA,ANA,Los Angeles Angels of Anaheim,LAA,ANA,ANA
2013,NL,LAN,LAD,Los Angeles Dodgers,LAD,LAN,LAN
2013,NL,MIA,FLA,Miami Marlins,MIA,FLO,MIA
2013,NL,MIL,MIL,Milwaukee Brewers,MIL,ML4,MIL
2013,AL,MIN,MIN,Minnesota Twins,MIN,MIN,MIN
2013,AL,NYA,NYY,New York Yankees,NYY,NYA,NYA
2013,NL,NYN,NYM,New York Mets,NYM,NYN,NYN
2013,AL,OAK,OAK,Oakland Athletics,OAK,OAK,OAK
2013,NL,PHI,PHI,Philadelphia Phillies,PHI,PHI,PHI
2013,NL,PIT,PIT,Pittsburgh Pirates,PIT,PIT,PIT
2013,NL,SDN,SDP,San Diego Padres,SDP,SDN,SDN
2013,AL,SEA,SEA,Seattle Mariners,SEA,SEA,SEA
2013,NL,SFN,SFG,San Francisco Giants,SFG,SFN,SFN
2013,NL,SLN,STL,St. Louis Cardinals,STL,SLN,SLN
2013,AL,TBA,TBD,Tampa Bay Rays,TBR,TBA,TBA
2013,AL,TEX,TEX,Texas Rangers,TEX,TEX,TEX
2013,AL,TOR,TOR,Toronto Blue Jays,TOR,TOR,TOR
2013,NL,WAS,WSN,Washington Nationals,WSN,MON,WAS
2014,NL,ARI,ARI,Arizona Diamondbacks,ARI,ARI,ARI
2014,NL,ATL,ATL,Atlanta Braves,ATL,ATL,ATL
2014,AL,BAL,BAL,Baltimore Orioles,BAL,BAL,BAL
2014,AL,BOS,BOS,Boston Red Sox,BOS,BOS,BOS
2014,AL,CHA,CHW,Chicago White Sox,CHW,CHA,CHA
2014,NL,CHN,CHC,Chicago Cubs,CHC,CHN,CHN
2014,NL,CIN,CIN,Cincinnati Reds,CIN,CIN,CIN
2014,AL,CLE,CLE,Cleveland Indians,CLE,CLE,CLE
2014,NL,COL,COL,Colorado Rockies,COL,COL,COL
2014,AL,DET,DET,Detroit Tigers,DET,DET,DET
2014,AL,HOU,HOU,Houston Astros,HOU,HOU,HOU
2014,AL,KCA,KCR,Kansas City Royals,KCR,KCA,KCA
2014,AL,LAA,ANA,Los Angeles Angels of Anaheim,LAA,ANA,ANA
2014,NL,LAN,LAD,Los Angeles Dodgers,LAD,LAN,LAN
2014,NL,MIA,FLA,Miami Marlins,MIA,FLO,MIA
2014,NL,MIL,MIL,Milwaukee Brewers,MIL,ML4,MIL
2014,AL,MIN,MIN,Minnesota Twins,MIN,MIN,MIN
2014,AL,NYA,NYY,New York Yankees,NYY,NYA,NYA
2014,NL,NYN,NYM,New York Mets,NYM,NYN,NYN
2014,AL,OAK,OAK,Oakland Athletics,OAK,OAK,OAK
2014,NL,PHI,PHI,Philadelphia Phillies,PHI,PHI,PHI
2014,NL,PIT,PIT,Pittsburgh Pirates,PIT,PIT,PIT
2014,NL,SDN,SDP,San Diego Padres,SDP,SDN,SDN
2014,AL,SEA,SEA,Seattle Mariners,SEA,SEA,SEA
2014,NL,SFN,SFG,San Francisco Giants,SFG,SFN,SFN
2014,NL,SLN,STL,St. Louis Cardinals,STL,SLN,SLN
2014,AL,TBA,TBD,Tampa Bay Rays,TBR,TBA,TBA
2014,AL,TEX,TEX,Texas Rangers,TEX,TEX,TEX
2014,AL,TOR,TOR,Toronto Blue Jays,TOR,TOR,TOR
2014,NL,WAS,WSN,Washington Nationals,WSN,MON,WAS
2015,NL,ARI,ARI,Arizona Diamondbacks,ARI,ARI,ARI
2015,NL,ATL,ATL,Atlanta Braves,ATL,ATL,ATL
2015,AL,BAL,BAL,Baltimore Orioles,BAL,BAL,BAL
2015,AL,BOS,BOS,Boston Red Sox,BOS,BOS,BOS
2015,AL,CHA,CHW,Chicago White Sox,CHW,CHA,CHA
2015,NL,CHN,CHC,Chicago Cubs,CHC,CHN,CHN
2015,NL,CIN,CIN,Cincinnati Reds,CIN,CIN,CIN
2015,AL,CLE,CLE,Cleveland Indians,CLE,CLE,CLE
2015,NL,COL,COL,Colorado Rockies,COL,COL,COL
2015,AL,DET,DET,Detroit Tigers,DET,DET,DET
2015,AL,HOU,HOU,Houston Astros,HOU,HOU,HOU
2015,AL,KCA,KCR,Kansas City Royals,KCR,KCA,KCA
2015,AL,LAA,ANA,Los Angeles Angels of Anaheim,LAA,ANA,ANA
2015,NL,LAN,LAD,Los Angeles Dodgers,LAD,LAN,LAN
2015,NL,MIA,FLA,Miami Marlins,MIA,FLO,MIA
2015,NL,MIL,MIL,Milwaukee Brewers,MIL,ML4,MIL
2015,AL,MIN,MIN,Minnesota Twins,MIN,MIN,MIN
2015,AL,NYA,NYY,New York Yankees,NYY,NYA,NYA
2015,NL,NYN,NYM,New York Mets,NYM,NYN,NYN
2015,AL,OAK,OAK,Oakland Athletics,OAK,OAK,OAK
2015,NL,PHI,PHI,Philadelphia Phillies,PHI,PHI,PHI
2015,NL,PIT,PIT,Pittsburgh Pirates,PIT,PIT,PIT
2015,NL,SDN,SDP,San Diego Padres,SDP,SDN,SDN
2015,AL,SEA,SEA,Seattle Mariners,SEA,SEA,SEA
2015,NL,SFN,SFG,San Francisco Giants,SFG,SFN,SFN
2015,NL,SLN,STL,St. Louis Cardinals,STL,SLN,SLN
2015,AL,TBA,TBD,Tampa Bay Rays,TBR,TBA,TBA
2015,AL,TEX,TEX,Texas Rangers,TEX,TEX,TEX
2015,AL,TOR,TOR,Toronto Blue Jays,TOR,TOR,TOR
2015,NL,WAS,WSN,Washington Nationals,WSN,MON,WAS
2016,NL,ARI,ARI,Arizona Diamondbacks,ARI,ARI,ARI
2016,NL,ATL,ATL,Atlanta Braves,ATL,ATL,ATL
2016,AL,BAL,BAL,Baltimore Orioles,BAL,BAL,BAL
2016,AL,BOS,BOS,Boston Red Sox,BOS,BOS,BOS
2016,AL,CHA,CHW,Chicago White Sox,CHW,CHA,CHA
2016,NL,CHN,CHC,Chicago Cubs,CHC,CHN,CHN
2016,NL,CIN,CIN,Cincinnati Reds,CIN,CIN,CIN
2016,AL,CLE,CLE,Cleveland Indians,CLE,CLE,CLE
2016,NL,COL,COL,Colorado Rockies,COL,COL,COL
2016,AL,DET,DET,Detroit Tigers,DET,DET,DET
2016,AL,HOU,HOU,Houston Astros,HOU,HOU,HOU
2016,AL,KCA,KCR,Kansas City Royals,KCR,KCA,KCA
2016,AL,LAA,ANA,Los Angeles Angels of Anaheim,LAA,ANA,ANA
2016,NL,LAN,LAD,Los Angeles Dodgers,LAD,LAN,LAN
2016,NL,MIA,FLA,Miami Marlins,MIA,FLO,MIA
2016,NL,MIL,MIL,Milwaukee Brewers,MIL,ML4,MIL
2016,AL,MIN,MIN,Minnesota Twins,MIN,MIN,MIN
2016,AL,NYA,NYY,New York Yankees,NYY,NYA,NYA
2016,NL,NYN,NYM,New York Mets,NYM,NYN,NYN
2016,AL,OAK,OAK,Oakland Athletics,OAK,OAK,OAK
2016,NL,PHI,PHI,Philadelphia Phillies,PHI,PHI,PHI
2016,NL,PIT,PIT,Pittsburgh Pirates,PIT,PIT,PIT
2016,NL,SDN,SDP,San Diego Padres,SDP,SDN,SDN
2016,AL,SEA,SEA,Seattle Mariners,SEA,SEA,SEA
2016,NL,SFN,SFG,San Francisco Giants,SFG,SFN,SFN
2016,NL,SLN,STL,St. Louis Cardinals,STL,SLN,SLN
2016,AL,TBA,TBD,Tampa Bay Rays,TBR,TBA,TBA
2016,AL,TEX,TEX,Texas Rangers,TEX,TEX,TEX
2016,AL,TOR,TOR,Toronto Blue Jays,TOR,TOR,TOR
2016,NL,WAS,WSN,Washington Nationals,WSN,MON,WAS